Category,Accident_type,Year,Month,Value
Alkoholunfälle,insgesamt,2000,1,78.0
Alkoholunfälle,Verletzte und Getötete,2000,1,37.0
Fluchtunfälle,insgesamt,2000,1,835.0
Fluchtunfälle,Verletzte und Getötete,2000,1,34.0
Verkehrsunfälle,insgesamt,2000,1,3448.0
Verkehrsunfälle,mit Personenschäden,2000,1,321.0
Verkehrsunfälle,Verletzte und Getötete,2000,1,434.0
Alkoholunfälle,insgesamt,2000,2,53.0
Alkoholunfälle,Verletzte und Getötete,2000,2,19.0
Fluchtunfälle,insgesamt,2000,2,890.0
Fluchtunfälle,Verletzte und Getötete,2000,2,35.0
Verkehrsunfälle,insgesamt,2000,2,3181.0
Verkehrsunfälle,mit Personenschäden,2000,2,329.0
Verkehrsunfälle,Verletzte und Getötete,2000,2,419.0
Alkoholunfälle,insgesamt,2000,3,73.0
Alkoholunfälle,Verletzte und Getötete,2000,3,18.0
Fluchtunfälle,insgesamt,2000,3,974.0
Fluchtunfälle,Verletzte und Getötete,2000,3,48.0
Verkehrsunfälle,insgesamt,2000,3,3783.0
Verkehrsunfälle,mit Personenschäden,2000,3,414.0
Verkehrsunfälle,Verletzte und Getötete,2000,3,509.0
Alkoholunfälle,insgesamt,2000,4,78.0
Alkoholunfälle,Verletzte und Getötete,2000,4,26.0
Fluchtunfälle,insgesamt,2000,4,834.0
Fluchtunfälle,Verletzte und Getötete,2000,4,57.0
Verkehrsunfälle,insgesamt,2000,4,3317.0
Verkehrsunfälle,mit Personenschäden,2000,4,441.0
Verkehrsunfälle,Verletzte und Getötete,2000,4,557.0
Alkoholunfälle,insgesamt,2000,5,96.0
Alkoholunfälle,Verletzte und Getötete,2000,5,44.0
Fluchtunfälle,insgesamt,2000,5,1086.0
Fluchtunfälle,Verletzte und Getötete,2000,5,69.0
Verkehrsunfälle,insgesamt,2000,5,4123.0
Verkehrsunfälle,mit Personenschäden,2000,5,568.0
Verkehrsunfälle,Verletzte und Getötete,2000,5,675.0
Alkoholunfälle,insgesamt,2000,6,57.0
Alkoholunfälle,Verletzte und Getötete,2000,6,32.0
Fluchtunfälle,insgesamt,2000,6,842.0
Fluchtunfälle,Verletzte und Getötete,2000,6,58.0
Verkehrsunfälle,insgesamt,2000,6,3329.0
Verkehrsunfälle,mit Personenschäden,2000,6,555.0
Verkehrsunfälle,Verletzte und Getötete,2000,6,685.0
Alkoholunfälle,insgesamt,2000,7,99.0
Alkoholunfälle,Verletzte und Getötete,2000,7,37.0
Fluchtunfälle,insgesamt,2000,7,1102.0
Fluchtunfälle,Verletzte und Getötete,2000,7,67.0
Verkehrsunfälle,insgesamt,2000,7,4282.0
Verkehrsunfälle,mit Personenschäden,2000,7,610.0
Verkehrsunfälle,Verletzte und Getötete,2000,7,744.0
Alkoholunfälle,insgesamt,2000,8,77.0
Alkoholunfälle,Verletzte und Getötete,2000,8,32.0
Fluchtunfälle,insgesamt,2000,8,881.0
Fluchtunfälle,Verletzte und Getötete,2000,8,74.0
Verkehrsunfälle,insgesamt,2000,8,3387.0
Verkehrsunfälle,mit Personenschäden,2000,8,525.0
Verkehrsunfälle,Verletzte und Getötete,2000,8,647.0
Alkoholunfälle,insgesamt,2000,9,84.0
Alkoholunfälle,Verletzte und Getötete,2000,9,45.0
Fluchtunfälle,insgesamt,2000,9,978.0
Fluchtunfälle,Verletzte und Getötete,2000,9,68.0
Verkehrsunfälle,insgesamt,2000,9,3807.0
Verkehrsunfälle,mit Personenschäden,2000,9,557.0
Verkehrsunfälle,Verletzte und Getötete,2000,9,675.0
Alkoholunfälle,insgesamt,2000,10,83.0
Alkoholunfälle,Verletzte und Getötete,2000,10,31.0
Fluchtunfälle,insgesamt,2000,10,1078.0
Fluchtunfälle,Verletzte und Getötete,2000,10,47.0
Verkehrsunfälle,insgesamt,2000,10,4117.0
Verkehrsunfälle,mit Personenschäden,2000,10,493.0
Verkehrsunfälle,Verletzte und Getötete,2000,10,615.0
Alkoholunfälle,insgesamt,2000,11,71.0
Alkoholunfälle,Verletzte und Getötete,2000,11,24.0
Fluchtunfälle,insgesamt,2000,11,1017.0
Fluchtunfälle,Verletzte und Getötete,2000,11,56.0
Verkehrsunfälle,insgesamt,2000,11,3931.0
Verkehrsunfälle,mit Personenschäden,2000,11,461.0
Verkehrsunfälle,Verletzte und Getötete,2000,11,578.0
Alkoholunfälle,insgesamt,2000,12,85.0
Alkoholunfälle,Verletzte und Getötete,2000,12,31.0
Fluchtunfälle,insgesamt,2000,12,950.0
Fluchtunfälle,Verletzte und Getötete,2000,12,45.0
Verkehrsunfälle,insgesamt,2000,12,3789.0
Verkehrsunfälle,mit Personenschäden,2000,12,403.0
Verkehrsunfälle,Verletzte und Getötete,2000,12,515.0
Alkoholunfälle,insgesamt,2001,1,66.0
Alkoholunfälle,Verletzte und Getötete,2001,1,36.0
Fluchtunfälle,insgesamt,2001,1,871.0
Fluchtunfälle,Verletzte und Getötete,2001,1,44.0
Verkehrsunfälle,insgesamt,2001,1,3348.0
Verkehrsunfälle,mit Personenschäden,2001,1,354.0
Verkehrsunfälle,Verletzte und Getötete,2001,1,448.0
Alkoholunfälle,insgesamt,2001,2,49.0
Alkoholunfälle,Verletzte und Getötete,2001,2,20.0
Fluchtunfälle,insgesamt,2001,2,820.0
Fluchtunfälle,Verletzte und Getötete,2001,2,51.0
Verkehrsunfälle,insgesamt,2001,2,3148.0
Verkehrsunfälle,mit Personenschäden,2001,2,343.0
Verkehrsunfälle,Verletzte und Getötete,2001,2,439.0
Alkoholunfälle,insgesamt,2001,3,63.0
Alkoholunfälle,Verletzte und Getötete,2001,3,36.0
Fluchtunfälle,insgesamt,2001,3,962.0
Fluchtunfälle,Verletzte und Getötete,2001,3,43.0
Verkehrsunfälle,insgesamt,2001,3,3970.0
Verkehrsunfälle,mit Personenschäden,2001,3,426.0
Verkehrsunfälle,Verletzte und Getötete,2001,3,535.0
Alkoholunfälle,insgesamt,2001,4,68.0
Alkoholunfälle,Verletzte und Getötete,2001,4,32.0
Fluchtunfälle,insgesamt,2001,4,897.0
Fluchtunfälle,Verletzte und Getötete,2001,4,68.0
Verkehrsunfälle,insgesamt,2001,4,3565.0
Verkehrsunfälle,mit Personenschäden,2001,4,454.0
Verkehrsunfälle,Verletzte und Getötete,2001,4,578.0
Alkoholunfälle,insgesamt,2001,5,85.0
Alkoholunfälle,Verletzte und Getötete,2001,5,32.0
Fluchtunfälle,insgesamt,2001,5,1081.0
Fluchtunfälle,Verletzte und Getötete,2001,5,67.0
Verkehrsunfälle,insgesamt,2001,5,4128.0
Verkehrsunfälle,mit Personenschäden,2001,5,655.0
Verkehrsunfälle,Verletzte und Getötete,2001,5,817.0
Alkoholunfälle,insgesamt,2001,6,68.0
Alkoholunfälle,Verletzte und Getötete,2001,6,46.0
Fluchtunfälle,insgesamt,2001,6,905.0
Fluchtunfälle,Verletzte und Getötete,2001,6,78.0
Verkehrsunfälle,insgesamt,2001,6,3715.0
Verkehrsunfälle,mit Personenschäden,2001,6,560.0
Verkehrsunfälle,Verletzte und Getötete,2001,6,679.0
Alkoholunfälle,insgesamt,2001,7,71.0
Alkoholunfälle,Verletzte und Getötete,2001,7,35.0
Fluchtunfälle,insgesamt,2001,7,1047.0
Fluchtunfälle,Verletzte und Getötete,2001,7,83.0
Verkehrsunfälle,insgesamt,2001,7,4288.0
Verkehrsunfälle,mit Personenschäden,2001,7,755.0
Verkehrsunfälle,Verletzte und Getötete,2001,7,921.0
Alkoholunfälle,insgesamt,2001,8,60.0
Alkoholunfälle,Verletzte und Getötete,2001,8,21.0
Fluchtunfälle,insgesamt,2001,8,814.0
Fluchtunfälle,Verletzte und Getötete,2001,8,57.0
Verkehrsunfälle,insgesamt,2001,8,3351.0
Verkehrsunfälle,mit Personenschäden,2001,8,510.0
Verkehrsunfälle,Verletzte und Getötete,2001,8,600.0
Alkoholunfälle,insgesamt,2001,9,107.0
Alkoholunfälle,Verletzte und Getötete,2001,9,48.0
Fluchtunfälle,insgesamt,2001,9,953.0
Fluchtunfälle,Verletzte und Getötete,2001,9,40.0
Verkehrsunfälle,insgesamt,2001,9,3939.0
Verkehrsunfälle,mit Personenschäden,2001,9,497.0
Verkehrsunfälle,Verletzte und Getötete,2001,9,643.0
Alkoholunfälle,insgesamt,2001,10,77.0
Alkoholunfälle,Verletzte und Getötete,2001,10,37.0
Fluchtunfälle,insgesamt,2001,10,1104.0
Fluchtunfälle,Verletzte und Getötete,2001,10,85.0
Verkehrsunfälle,insgesamt,2001,10,4250.0
Verkehrsunfälle,mit Personenschäden,2001,10,581.0
Verkehrsunfälle,Verletzte und Getötete,2001,10,717.0
Alkoholunfälle,insgesamt,2001,11,68.0
Alkoholunfälle,Verletzte und Getötete,2001,11,25.0
Fluchtunfälle,insgesamt,2001,11,1001.0
Fluchtunfälle,Verletzte und Getötete,2001,11,32.0
Verkehrsunfälle,insgesamt,2001,11,4022.0
Verkehrsunfälle,mit Personenschäden,2001,11,436.0
Verkehrsunfälle,Verletzte und Getötete,2001,11,568.0
Alkoholunfälle,insgesamt,2001,12,66.0
Alkoholunfälle,Verletzte und Getötete,2001,12,23.0
Fluchtunfälle,insgesamt,2001,12,941.0
Fluchtunfälle,Verletzte und Getötete,2001,12,39.0
Verkehrsunfälle,insgesamt,2001,12,3989.0
Verkehrsunfälle,mit Personenschäden,2001,12,377.0
Verkehrsunfälle,Verletzte und Getötete,2001,12,507.0
Alkoholunfälle,insgesamt,2002,1,44.0
Alkoholunfälle,Verletzte und Getötete,2002,1,24.0
Fluchtunfälle,insgesamt,2002,1,852.0
Fluchtunfälle,Verletzte und Getötete,2002,1,36.0
Verkehrsunfälle,insgesamt,2002,1,3063.0
Verkehrsunfälle,mit Personenschäden,2002,1,328.0
Verkehrsunfälle,Verletzte und Getötete,2002,1,431.0
Alkoholunfälle,insgesamt,2002,2,49.0
Alkoholunfälle,Verletzte und Getötete,2002,2,22.0
Fluchtunfälle,insgesamt,2002,2,817.0
Fluchtunfälle,Verletzte und Getötete,2002,2,33.0
Verkehrsunfälle,insgesamt,2002,2,2892.0
Verkehrsunfälle,mit Personenschäden,2002,2,316.0
Verkehrsunfälle,Verletzte und Getötete,2002,2,393.0
Alkoholunfälle,insgesamt,2002,3,61.0
Alkoholunfälle,Verletzte und Getötete,2002,3,21.0
Fluchtunfälle,insgesamt,2002,3,897.0
Fluchtunfälle,Verletzte und Getötete,2002,3,39.0
Verkehrsunfälle,insgesamt,2002,3,3380.0
Verkehrsunfälle,mit Personenschäden,2002,3,414.0
Verkehrsunfälle,Verletzte und Getötete,2002,3,520.0
Alkoholunfälle,insgesamt,2002,4,65.0
Alkoholunfälle,Verletzte und Getötete,2002,4,28.0
Fluchtunfälle,insgesamt,2002,4,784.0
Fluchtunfälle,Verletzte und Getötete,2002,4,37.0
Verkehrsunfälle,insgesamt,2002,4,3142.0
Verkehrsunfälle,mit Personenschäden,2002,4,432.0
Verkehrsunfälle,Verletzte und Getötete,2002,4,521.0
Alkoholunfälle,insgesamt,2002,5,58.0
Alkoholunfälle,Verletzte und Getötete,2002,5,32.0
Fluchtunfälle,insgesamt,2002,5,857.0
Fluchtunfälle,Verletzte und Getötete,2002,5,73.0
Verkehrsunfälle,insgesamt,2002,5,3731.0
Verkehrsunfälle,mit Personenschäden,2002,5,537.0
Verkehrsunfälle,Verletzte und Getötete,2002,5,654.0
Alkoholunfälle,insgesamt,2002,6,74.0
Alkoholunfälle,Verletzte und Getötete,2002,6,42.0
Fluchtunfälle,insgesamt,2002,6,987.0
Fluchtunfälle,Verletzte und Getötete,2002,6,74.0
Verkehrsunfälle,insgesamt,2002,6,3586.0
Verkehrsunfälle,mit Personenschäden,2002,6,675.0
Verkehrsunfälle,Verletzte und Getötete,2002,6,833.0
Alkoholunfälle,insgesamt,2002,7,84.0
Alkoholunfälle,Verletzte und Getötete,2002,7,40.0
Fluchtunfälle,insgesamt,2002,7,1026.0
Fluchtunfälle,Verletzte und Getötete,2002,7,72.0
Verkehrsunfälle,insgesamt,2002,7,3960.0
Verkehrsunfälle,mit Personenschäden,2002,7,711.0
Verkehrsunfälle,Verletzte und Getötete,2002,7,865.0
Alkoholunfälle,insgesamt,2002,8,71.0
Alkoholunfälle,Verletzte und Getötete,2002,8,29.0
Fluchtunfälle,insgesamt,2002,8,785.0
Fluchtunfälle,Verletzte und Getötete,2002,8,50.0
Verkehrsunfälle,insgesamt,2002,8,3007.0
Verkehrsunfälle,mit Personenschäden,2002,8,479.0
Verkehrsunfälle,Verletzte und Getötete,2002,8,601.0
Alkoholunfälle,insgesamt,2002,9,107.0
Alkoholunfälle,Verletzte und Getötete,2002,9,51.0
Fluchtunfälle,insgesamt,2002,9,1039.0
Fluchtunfälle,Verletzte und Getötete,2002,9,77.0
Verkehrsunfälle,insgesamt,2002,9,3436.0
Verkehrsunfälle,mit Personenschäden,2002,9,509.0
Verkehrsunfälle,Verletzte und Getötete,2002,9,621.0
Alkoholunfälle,insgesamt,2002,10,83.0
Alkoholunfälle,Verletzte und Getötete,2002,10,53.0
Fluchtunfälle,insgesamt,2002,10,1019.0
Fluchtunfälle,Verletzte und Getötete,2002,10,49.0
Verkehrsunfälle,insgesamt,2002,10,3859.0
Verkehrsunfälle,mit Personenschäden,2002,10,467.0
Verkehrsunfälle,Verletzte und Getötete,2002,10,630.0
Alkoholunfälle,insgesamt,2002,11,44.0
Alkoholunfälle,Verletzte und Getötete,2002,11,10.0
Fluchtunfälle,insgesamt,2002,11,882.0
Fluchtunfälle,Verletzte und Getötete,2002,11,50.0
Verkehrsunfälle,insgesamt,2002,11,3529.0
Verkehrsunfälle,mit Personenschäden,2002,11,448.0
Verkehrsunfälle,Verletzte und Getötete,2002,11,563.0
Alkoholunfälle,insgesamt,2002,12,63.0
Alkoholunfälle,Verletzte und Getötete,2002,12,27.0
Fluchtunfälle,insgesamt,2002,12,706.0
Fluchtunfälle,Verletzte und Getötete,2002,12,38.0
Verkehrsunfälle,insgesamt,2002,12,3023.0
Verkehrsunfälle,mit Personenschäden,2002,12,304.0
Verkehrsunfälle,Verletzte und Getötete,2002,12,394.0
Alkoholunfälle,insgesamt,2003,1,55.0
Alkoholunfälle,Verletzte und Getötete,2003,1,18.0
Fluchtunfälle,insgesamt,2003,1,747.0
Fluchtunfälle,Verletzte und Getötete,2003,1,21.0
Verkehrsunfälle,insgesamt,2003,1,3073.0
Verkehrsunfälle,mit Personenschäden,2003,1,282.0
Verkehrsunfälle,Verletzte und Getötete,2003,1,358.0
Alkoholunfälle,insgesamt,2003,2,44.0
Alkoholunfälle,Verletzte und Getötete,2003,2,16.0
Fluchtunfälle,insgesamt,2003,2,572.0
Fluchtunfälle,Verletzte und Getötete,2003,2,20.0
Verkehrsunfälle,insgesamt,2003,2,2968.0
Verkehrsunfälle,mit Personenschäden,2003,2,232.0
Verkehrsunfälle,Verletzte und Getötete,2003,2,308.0
Alkoholunfälle,insgesamt,2003,3,53.0
Alkoholunfälle,Verletzte und Getötete,2003,3,17.0
Fluchtunfälle,insgesamt,2003,3,854.0
Fluchtunfälle,Verletzte und Getötete,2003,3,44.0
Verkehrsunfälle,insgesamt,2003,3,3060.0
Verkehrsunfälle,mit Personenschäden,2003,3,374.0
Verkehrsunfälle,Verletzte und Getötete,2003,3,476.0
Alkoholunfälle,insgesamt,2003,4,50.0
Alkoholunfälle,Verletzte und Getötete,2003,4,25.0
Fluchtunfälle,insgesamt,2003,4,844.0
Fluchtunfälle,Verletzte und Getötete,2003,4,30.0
Verkehrsunfälle,insgesamt,2003,4,3106.0
Verkehrsunfälle,mit Personenschäden,2003,4,429.0
Verkehrsunfälle,Verletzte und Getötete,2003,4,535.0
Alkoholunfälle,insgesamt,2003,5,65.0
Alkoholunfälle,Verletzte und Getötete,2003,5,26.0
Fluchtunfälle,insgesamt,2003,5,763.0
Fluchtunfälle,Verletzte und Getötete,2003,5,56.0
Verkehrsunfälle,insgesamt,2003,5,3255.0
Verkehrsunfälle,mit Personenschäden,2003,5,510.0
Verkehrsunfälle,Verletzte und Getötete,2003,5,632.0
Alkoholunfälle,insgesamt,2003,6,82.0
Alkoholunfälle,Verletzte und Getötete,2003,6,41.0
Fluchtunfälle,insgesamt,2003,6,855.0
Fluchtunfälle,Verletzte und Getötete,2003,6,81.0
Verkehrsunfälle,insgesamt,2003,6,3139.0
Verkehrsunfälle,mit Personenschäden,2003,6,566.0
Verkehrsunfälle,Verletzte und Getötete,2003,6,723.0
Alkoholunfälle,insgesamt,2003,7,76.0
Alkoholunfälle,Verletzte und Getötete,2003,7,35.0
Fluchtunfälle,insgesamt,2003,7,562.0
Fluchtunfälle,Verletzte und Getötete,2003,7,35.0
Verkehrsunfälle,insgesamt,2003,7,3321.0
Verkehrsunfälle,mit Personenschäden,2003,7,538.0
Verkehrsunfälle,Verletzte und Getötete,2003,7,644.0
Alkoholunfälle,insgesamt,2003,8,66.0
Alkoholunfälle,Verletzte und Getötete,2003,8,40.0
Fluchtunfälle,insgesamt,2003,8,698.0
Fluchtunfälle,Verletzte und Getötete,2003,8,41.0
Verkehrsunfälle,insgesamt,2003,8,2837.0
Verkehrsunfälle,mit Personenschäden,2003,8,461.0
Verkehrsunfälle,Verletzte und Getötete,2003,8,577.0
Alkoholunfälle,insgesamt,2003,9,63.0
Alkoholunfälle,Verletzte und Getötete,2003,9,26.0
Fluchtunfälle,insgesamt,2003,9,945.0
Fluchtunfälle,Verletzte und Getötete,2003,9,50.0
Verkehrsunfälle,insgesamt,2003,9,3393.0
Verkehrsunfälle,mit Personenschäden,2003,9,452.0
Verkehrsunfälle,Verletzte und Getötete,2003,9,560.0
Alkoholunfälle,insgesamt,2003,10,74.0
Alkoholunfälle,Verletzte und Getötete,2003,10,17.0
Fluchtunfälle,insgesamt,2003,10,960.0
Fluchtunfälle,Verletzte und Getötete,2003,10,47.0
Verkehrsunfälle,insgesamt,2003,10,3631.0
Verkehrsunfälle,mit Personenschäden,2003,10,466.0
Verkehrsunfälle,Verletzte und Getötete,2003,10,595.0
Alkoholunfälle,insgesamt,2003,11,44.0
Alkoholunfälle,Verletzte und Getötete,2003,11,31.0
Fluchtunfälle,insgesamt,2003,11,953.0
Fluchtunfälle,Verletzte und Getötete,2003,11,59.0
Verkehrsunfälle,insgesamt,2003,11,3325.0
Verkehrsunfälle,mit Personenschäden,2003,11,359.0
Verkehrsunfälle,Verletzte und Getötete,2003,11,464.0
Alkoholunfälle,insgesamt,2003,12,58.0
Alkoholunfälle,Verletzte und Getötete,2003,12,27.0
Fluchtunfälle,insgesamt,2003,12,858.0
Fluchtunfälle,Verletzte und Getötete,2003,12,78.0
Verkehrsunfälle,insgesamt,2003,12,3527.0
Verkehrsunfälle,mit Personenschäden,2003,12,383.0
Verkehrsunfälle,Verletzte und Getötete,2003,12,493.0
Alkoholunfälle,insgesamt,2004,1,42.0
Alkoholunfälle,Verletzte und Getötete,2004,1,10.0
Fluchtunfälle,insgesamt,2004,1,828.0
Fluchtunfälle,Verletzte und Getötete,2004,1,33.0
Verkehrsunfälle,insgesamt,2004,1,2969.0
Verkehrsunfälle,mit Personenschäden,2004,1,286.0
Verkehrsunfälle,Verletzte und Getötete,2004,1,377.0
Alkoholunfälle,insgesamt,2004,2,48.0
Alkoholunfälle,Verletzte und Getötete,2004,2,21.0
Fluchtunfälle,insgesamt,2004,2,723.0
Fluchtunfälle,Verletzte und Getötete,2004,2,31.0
Verkehrsunfälle,insgesamt,2004,2,2728.0
Verkehrsunfälle,mit Personenschäden,2004,2,240.0
Verkehrsunfälle,Verletzte und Getötete,2004,2,310.0
Alkoholunfälle,insgesamt,2004,3,44.0
Alkoholunfälle,Verletzte und Getötete,2004,3,18.0
Fluchtunfälle,insgesamt,2004,3,817.0
Fluchtunfälle,Verletzte und Getötete,2004,3,20.0
Verkehrsunfälle,insgesamt,2004,3,3271.0
Verkehrsunfälle,mit Personenschäden,2004,3,321.0
Verkehrsunfälle,Verletzte und Getötete,2004,3,403.0
Alkoholunfälle,insgesamt,2004,4,37.0
Alkoholunfälle,Verletzte und Getötete,2004,4,10.0
Fluchtunfälle,insgesamt,2004,4,875.0
Fluchtunfälle,Verletzte und Getötete,2004,4,39.0
Verkehrsunfälle,insgesamt,2004,4,3183.0
Verkehrsunfälle,mit Personenschäden,2004,4,388.0
Verkehrsunfälle,Verletzte und Getötete,2004,4,461.0
Alkoholunfälle,insgesamt,2004,5,55.0
Alkoholunfälle,Verletzte und Getötete,2004,5,30.0
Fluchtunfälle,insgesamt,2004,5,867.0
Fluchtunfälle,Verletzte und Getötete,2004,5,41.0
Verkehrsunfälle,insgesamt,2004,5,3378.0
Verkehrsunfälle,mit Personenschäden,2004,5,476.0
Verkehrsunfälle,Verletzte und Getötete,2004,5,600.0
Alkoholunfälle,insgesamt,2004,6,58.0
Alkoholunfälle,Verletzte und Getötete,2004,6,25.0
Fluchtunfälle,insgesamt,2004,6,859.0
Fluchtunfälle,Verletzte und Getötete,2004,6,53.0
Verkehrsunfälle,insgesamt,2004,6,3229.0
Verkehrsunfälle,mit Personenschäden,2004,6,491.0
Verkehrsunfälle,Verletzte und Getötete,2004,6,598.0
Alkoholunfälle,insgesamt,2004,7,67.0
Alkoholunfälle,Verletzte und Getötete,2004,7,44.0
Fluchtunfälle,insgesamt,2004,7,970.0
Fluchtunfälle,Verletzte und Getötete,2004,7,83.0
Verkehrsunfälle,insgesamt,2004,7,3760.0
Verkehrsunfälle,mit Personenschäden,2004,7,646.0
Verkehrsunfälle,Verletzte und Getötete,2004,7,811.0
Alkoholunfälle,insgesamt,2004,8,58.0
Alkoholunfälle,Verletzte und Getötete,2004,8,47.0
Fluchtunfälle,insgesamt,2004,8,784.0
Fluchtunfälle,Verletzte und Getötete,2004,8,48.0
Verkehrsunfälle,insgesamt,2004,8,2926.0
Verkehrsunfälle,mit Personenschäden,2004,8,584.0
Verkehrsunfälle,Verletzte und Getötete,2004,8,584.0
Alkoholunfälle,insgesamt,2004,9,79.0
Alkoholunfälle,Verletzte und Getötete,2004,9,41.0
Fluchtunfälle,insgesamt,2004,9,957.0
Fluchtunfälle,Verletzte und Getötete,2004,9,63.0
Verkehrsunfälle,insgesamt,2004,9,3663.0
Verkehrsunfälle,mit Personenschäden,2004,9,541.0
Verkehrsunfälle,Verletzte und Getötete,2004,9,659.0
Alkoholunfälle,insgesamt,2004,10,68.0
Alkoholunfälle,Verletzte und Getötete,2004,10,26.0
Fluchtunfälle,insgesamt,2004,10,1022.0
Fluchtunfälle,Verletzte und Getötete,2004,10,40.0
Verkehrsunfälle,insgesamt,2004,10,3716.0
Verkehrsunfälle,mit Personenschäden,2004,10,465.0
Verkehrsunfälle,Verletzte und Getötete,2004,10,561.0
Alkoholunfälle,insgesamt,2004,11,51.0
Alkoholunfälle,Verletzte und Getötete,2004,11,20.0
Fluchtunfälle,insgesamt,2004,11,903.0
Fluchtunfälle,Verletzte und Getötete,2004,11,46.0
Verkehrsunfälle,insgesamt,2004,11,3449.0
Verkehrsunfälle,mit Personenschäden,2004,11,360.0
Verkehrsunfälle,Verletzte und Getötete,2004,11,439.0
Alkoholunfälle,insgesamt,2004,12,52.0
Alkoholunfälle,Verletzte und Getötete,2004,12,12.0
Fluchtunfälle,insgesamt,2004,12,942.0
Fluchtunfälle,Verletzte und Getötete,2004,12,45.0
Verkehrsunfälle,insgesamt,2004,12,3792.0
Verkehrsunfälle,mit Personenschäden,2004,12,416.0
Verkehrsunfälle,Verletzte und Getötete,2004,12,416.0
Alkoholunfälle,insgesamt,2005,1,48.0
Alkoholunfälle,Verletzte und Getötete,2005,1,13.0
Fluchtunfälle,insgesamt,2005,1,749.0
Fluchtunfälle,Verletzte und Getötete,2005,1,24.0
Verkehrsunfälle,insgesamt,2005,1,2788.0
Verkehrsunfälle,mit Personenschäden,2005,1,244.0
Verkehrsunfälle,Verletzte und Getötete,2005,1,306.0
Alkoholunfälle,insgesamt,2005,2,40.0
Alkoholunfälle,Verletzte und Getötete,2005,2,14.0
Fluchtunfälle,insgesamt,2005,2,961.0
Fluchtunfälle,Verletzte und Getötete,2005,2,22.0
Verkehrsunfälle,insgesamt,2005,2,3461.0
Verkehrsunfälle,mit Personenschäden,2005,2,229.0
Verkehrsunfälle,Verletzte und Getötete,2005,2,282.0
Alkoholunfälle,insgesamt,2005,3,40.0
Alkoholunfälle,Verletzte und Getötete,2005,3,13.0
Fluchtunfälle,insgesamt,2005,3,1115.0
Fluchtunfälle,Verletzte und Getötete,2005,3,33.0
Verkehrsunfälle,insgesamt,2005,3,3560.0
Verkehrsunfälle,mit Personenschäden,2005,3,299.0
Verkehrsunfälle,Verletzte und Getötete,2005,3,385.0
Alkoholunfälle,insgesamt,2005,4,40.0
Alkoholunfälle,Verletzte und Getötete,2005,4,19.0
Fluchtunfälle,insgesamt,2005,4,937.0
Fluchtunfälle,Verletzte und Getötete,2005,4,45.0
Verkehrsunfälle,insgesamt,2005,4,3320.0
Verkehrsunfälle,mit Personenschäden,2005,4,422.0
Verkehrsunfälle,Verletzte und Getötete,2005,4,514.0
Alkoholunfälle,insgesamt,2005,5,48.0
Alkoholunfälle,Verletzte und Getötete,2005,5,21.0
Fluchtunfälle,insgesamt,2005,5,902.0
Fluchtunfälle,Verletzte und Getötete,2005,5,52.0
Verkehrsunfälle,insgesamt,2005,5,3321.0
Verkehrsunfälle,mit Personenschäden,2005,5,521.0
Verkehrsunfälle,Verletzte und Getötete,2005,5,618.0
Alkoholunfälle,insgesamt,2005,6,57.0
Alkoholunfälle,Verletzte und Getötete,2005,6,31.0
Fluchtunfälle,insgesamt,2005,6,901.0
Fluchtunfälle,Verletzte und Getötete,2005,6,53.0
Verkehrsunfälle,insgesamt,2005,6,3499.0
Verkehrsunfälle,mit Personenschäden,2005,6,627.0
Verkehrsunfälle,Verletzte und Getötete,2005,6,729.0
Alkoholunfälle,insgesamt,2005,7,63.0
Alkoholunfälle,Verletzte und Getötete,2005,7,26.0
Fluchtunfälle,insgesamt,2005,7,951.0
Fluchtunfälle,Verletzte und Getötete,2005,7,65.0
Verkehrsunfälle,insgesamt,2005,7,3631.0
Verkehrsunfälle,mit Personenschäden,2005,7,558.0
Verkehrsunfälle,Verletzte und Getötete,2005,7,675.0
Alkoholunfälle,insgesamt,2005,8,48.0
Alkoholunfälle,Verletzte und Getötete,2005,8,33.0
Fluchtunfälle,insgesamt,2005,8,811.0
Fluchtunfälle,Verletzte und Getötete,2005,8,37.0
Verkehrsunfälle,insgesamt,2005,8,2965.0
Verkehrsunfälle,mit Personenschäden,2005,8,462.0
Verkehrsunfälle,Verletzte und Getötete,2005,8,582.0
Alkoholunfälle,insgesamt,2005,9,76.0
Alkoholunfälle,Verletzte und Getötete,2005,9,50.0
Fluchtunfälle,insgesamt,2005,9,1086.0
Fluchtunfälle,Verletzte und Getötete,2005,9,81.0
Verkehrsunfälle,insgesamt,2005,9,3921.0
Verkehrsunfälle,mit Personenschäden,2005,9,678.0
Verkehrsunfälle,Verletzte und Getötete,2005,9,825.0
Alkoholunfälle,insgesamt,2005,10,57.0
Alkoholunfälle,Verletzte und Getötete,2005,10,35.0
Fluchtunfälle,insgesamt,2005,10,962.0
Fluchtunfälle,Verletzte und Getötete,2005,10,54.0
Verkehrsunfälle,insgesamt,2005,10,3503.0
Verkehrsunfälle,mit Personenschäden,2005,10,451.0
Verkehrsunfälle,Verletzte und Getötete,2005,10,568.0
Alkoholunfälle,insgesamt,2005,11,42.0
Alkoholunfälle,Verletzte und Getötete,2005,11,14.0
Fluchtunfälle,insgesamt,2005,11,845.0
Fluchtunfälle,Verletzte und Getötete,2005,11,27.0
Verkehrsunfälle,insgesamt,2005,11,3205.0
Verkehrsunfälle,mit Personenschäden,2005,11,496.0
Verkehrsunfälle,Verletzte und Getötete,2005,11,458.0
Alkoholunfälle,insgesamt,2005,12,41.0
Alkoholunfälle,Verletzte und Getötete,2005,12,12.0
Fluchtunfälle,insgesamt,2005,12,817.0
Fluchtunfälle,Verletzte und Getötete,2005,12,32.0
Verkehrsunfälle,insgesamt,2005,12,3549.0
Verkehrsunfälle,mit Personenschäden,2005,12,487.0
Verkehrsunfälle,Verletzte und Getötete,2005,12,460.0
Alkoholunfälle,insgesamt,2006,1,44.0
Alkoholunfälle,Verletzte und Getötete,2006,1,21.0
Fluchtunfälle,insgesamt,2006,1,708.0
Fluchtunfälle,Verletzte und Getötete,2006,1,31.0
Verkehrsunfälle,insgesamt,2006,1,2893.0
Verkehrsunfälle,mit Personenschäden,2006,1,291.0
Verkehrsunfälle,Verletzte und Getötete,2006,1,364.0
Alkoholunfälle,insgesamt,2006,2,50.0
Alkoholunfälle,Verletzte und Getötete,2006,2,21.0
Fluchtunfälle,insgesamt,2006,2,698.0
Fluchtunfälle,Verletzte und Getötete,2006,2,33.0
Verkehrsunfälle,insgesamt,2006,2,2901.0
Verkehrsunfälle,mit Personenschäden,2006,2,237.0
Verkehrsunfälle,Verletzte und Getötete,2006,2,279.0
Alkoholunfälle,insgesamt,2006,3,40.0
Alkoholunfälle,Verletzte und Getötete,2006,3,14.0
Fluchtunfälle,insgesamt,2006,3,1138.0
Fluchtunfälle,Verletzte und Getötete,2006,3,34.0
Verkehrsunfälle,insgesamt,2006,3,4165.0
Verkehrsunfälle,mit Personenschäden,2006,3,275.0
Verkehrsunfälle,Verletzte und Getötete,2006,3,375.0
Alkoholunfälle,insgesamt,2006,4,40.0
Alkoholunfälle,Verletzte und Getötete,2006,4,16.0
Fluchtunfälle,insgesamt,2006,4,750.0
Fluchtunfälle,Verletzte und Getötete,2006,4,25.0
Verkehrsunfälle,insgesamt,2006,4,2874.0
Verkehrsunfälle,mit Personenschäden,2006,4,301.0
Verkehrsunfälle,Verletzte und Getötete,2006,4,387.0
Alkoholunfälle,insgesamt,2006,5,53.0
Alkoholunfälle,Verletzte und Getötete,2006,5,28.0
Fluchtunfälle,insgesamt,2006,5,476.0
Fluchtunfälle,Verletzte und Getötete,2006,5,33.0
Verkehrsunfälle,insgesamt,2006,5,3032.0
Verkehrsunfälle,mit Personenschäden,2006,5,471.0
Verkehrsunfälle,Verletzte und Getötete,2006,5,564.0
Alkoholunfälle,insgesamt,2006,6,51.0
Alkoholunfälle,Verletzte und Getötete,2006,6,22.0
Fluchtunfälle,insgesamt,2006,6,565.0
Fluchtunfälle,Verletzte und Getötete,2006,6,40.0
Verkehrsunfälle,insgesamt,2006,6,2853.0
Verkehrsunfälle,mit Personenschäden,2006,6,406.0
Verkehrsunfälle,Verletzte und Getötete,2006,6,479.0
Alkoholunfälle,insgesamt,2006,7,64.0
Alkoholunfälle,Verletzte und Getötete,2006,7,37.0
Fluchtunfälle,insgesamt,2006,7,845.0
Fluchtunfälle,Verletzte und Getötete,2006,7,78.0
Verkehrsunfälle,insgesamt,2006,7,3611.0
Verkehrsunfälle,mit Personenschäden,2006,7,671.0
Verkehrsunfälle,Verletzte und Getötete,2006,7,787.0
Alkoholunfälle,insgesamt,2006,8,48.0
Alkoholunfälle,Verletzte und Getötete,2006,8,25.0
Fluchtunfälle,insgesamt,2006,8,774.0
Fluchtunfälle,Verletzte und Getötete,2006,8,40.0
Verkehrsunfälle,insgesamt,2006,8,2993.0
Verkehrsunfälle,mit Personenschäden,2006,8,422.0
Verkehrsunfälle,Verletzte und Getötete,2006,8,513.0
Alkoholunfälle,insgesamt,2006,9,64.0
Alkoholunfälle,Verletzte und Getötete,2006,9,35.0
Fluchtunfälle,insgesamt,2006,9,718.0
Fluchtunfälle,Verletzte und Getötete,2006,9,66.0
Verkehrsunfälle,insgesamt,2006,9,3233.0
Verkehrsunfälle,mit Personenschäden,2006,9,407.0
Verkehrsunfälle,Verletzte und Getötete,2006,9,490.0
Alkoholunfälle,insgesamt,2006,10,45.0
Alkoholunfälle,Verletzte und Getötete,2006,10,24.0
Fluchtunfälle,insgesamt,2006,10,599.0
Fluchtunfälle,Verletzte und Getötete,2006,10,43.0
Verkehrsunfälle,insgesamt,2006,10,3286.0
Verkehrsunfälle,mit Personenschäden,2006,10,500.0
Verkehrsunfälle,Verletzte und Getötete,2006,10,632.0
Alkoholunfälle,insgesamt,2006,11,48.0
Alkoholunfälle,Verletzte und Getötete,2006,11,22.0
Fluchtunfälle,insgesamt,2006,11,494.0
Fluchtunfälle,Verletzte und Getötete,2006,11,38.0
Verkehrsunfälle,insgesamt,2006,11,3073.0
Verkehrsunfälle,mit Personenschäden,2006,11,384.0
Verkehrsunfälle,Verletzte und Getötete,2006,11,468.0
Alkoholunfälle,insgesamt,2006,12,52.0
Alkoholunfälle,Verletzte und Getötete,2006,12,21.0
Fluchtunfälle,insgesamt,2006,12,864.0
Fluchtunfälle,Verletzte und Getötete,2006,12,44.0
Verkehrsunfälle,insgesamt,2006,12,3419.0
Verkehrsunfälle,mit Personenschäden,2006,12,386.0
Verkehrsunfälle,Verletzte und Getötete,2006,12,466.0
Alkoholunfälle,insgesamt,2007,1,36.0
Alkoholunfälle,Verletzte und Getötete,2007,1,13.0
Fluchtunfälle,insgesamt,2007,1,699.0
Fluchtunfälle,Verletzte und Getötete,2007,1,19.0
Verkehrsunfälle,insgesamt,2007,1,2735.0
Verkehrsunfälle,mit Personenschäden,2007,1,218.0
Verkehrsunfälle,Verletzte und Getötete,2007,1,268.0
Alkoholunfälle,insgesamt,2007,2,32.0
Alkoholunfälle,Verletzte und Getötete,2007,2,15.0
Fluchtunfälle,insgesamt,2007,2,612.0
Fluchtunfälle,Verletzte und Getötete,2007,2,33.0
Verkehrsunfälle,insgesamt,2007,2,2643.0
Verkehrsunfälle,mit Personenschäden,2007,2,217.0
Verkehrsunfälle,Verletzte und Getötete,2007,2,277.0
Alkoholunfälle,insgesamt,2007,3,38.0
Alkoholunfälle,Verletzte und Getötete,2007,3,14.0
Fluchtunfälle,insgesamt,2007,3,411.0
Fluchtunfälle,Verletzte und Getötete,2007,3,20.0
Verkehrsunfälle,insgesamt,2007,3,2836.0
Verkehrsunfälle,mit Personenschäden,2007,3,293.0
Verkehrsunfälle,Verletzte und Getötete,2007,3,347.0
Alkoholunfälle,insgesamt,2007,4,49.0
Alkoholunfälle,Verletzte und Getötete,2007,4,27.0
Fluchtunfälle,insgesamt,2007,4,821.0
Fluchtunfälle,Verletzte und Getötete,2007,4,43.0
Verkehrsunfälle,insgesamt,2007,4,3292.0
Verkehrsunfälle,mit Personenschäden,2007,4,396.0
Verkehrsunfälle,Verletzte und Getötete,2007,4,500.0
Alkoholunfälle,insgesamt,2007,5,63.0
Alkoholunfälle,Verletzte und Getötete,2007,5,39.0
Fluchtunfälle,insgesamt,2007,5,858.0
Fluchtunfälle,Verletzte und Getötete,2007,5,48.0
Verkehrsunfälle,insgesamt,2007,5,3529.0
Verkehrsunfälle,mit Personenschäden,2007,5,482.0
Verkehrsunfälle,Verletzte und Getötete,2007,5,591.0
Alkoholunfälle,insgesamt,2007,6,51.0
Alkoholunfälle,Verletzte und Getötete,2007,6,27.0
Fluchtunfälle,insgesamt,2007,6,804.0
Fluchtunfälle,Verletzte und Getötete,2007,6,50.0
Verkehrsunfälle,insgesamt,2007,6,3225.0
Verkehrsunfälle,mit Personenschäden,2007,6,444.0
Verkehrsunfälle,Verletzte und Getötete,2007,6,535.0
Alkoholunfälle,insgesamt,2007,7,65.0
Alkoholunfälle,Verletzte und Getötete,2007,7,38.0
Fluchtunfälle,insgesamt,2007,7,935.0
Fluchtunfälle,Verletzte und Getötete,2007,7,59.0
Verkehrsunfälle,insgesamt,2007,7,3622.0
Verkehrsunfälle,mit Personenschäden,2007,7,435.0
Verkehrsunfälle,Verletzte und Getötete,2007,7,511.0
Alkoholunfälle,insgesamt,2007,8,44.0
Alkoholunfälle,Verletzte und Getötete,2007,8,20.0
Fluchtunfälle,insgesamt,2007,8,759.0
Fluchtunfälle,Verletzte und Getötete,2007,8,39.0
Verkehrsunfälle,insgesamt,2007,8,2943.0
Verkehrsunfälle,mit Personenschäden,2007,8,344.0
Verkehrsunfälle,Verletzte und Getötete,2007,8,422.0
Alkoholunfälle,insgesamt,2007,9,54.0
Alkoholunfälle,Verletzte und Getötete,2007,9,24.0
Fluchtunfälle,insgesamt,2007,9,797.0
Fluchtunfälle,Verletzte und Getötete,2007,9,41.0
Verkehrsunfälle,insgesamt,2007,9,3414.0
Verkehrsunfälle,mit Personenschäden,2007,9,385.0
Verkehrsunfälle,Verletzte und Getötete,2007,9,462.0
Alkoholunfälle,insgesamt,2007,10,55.0
Alkoholunfälle,Verletzte und Getötete,2007,10,18.0
Fluchtunfälle,insgesamt,2007,10,873.0
Fluchtunfälle,Verletzte und Getötete,2007,10,49.0
Verkehrsunfälle,insgesamt,2007,10,3695.0
Verkehrsunfälle,mit Personenschäden,2007,10,405.0
Verkehrsunfälle,Verletzte und Getötete,2007,10,491.0
Alkoholunfälle,insgesamt,2007,11,36.0
Alkoholunfälle,Verletzte und Getötete,2007,11,26.0
Fluchtunfälle,insgesamt,2007,11,868.0
Fluchtunfälle,Verletzte und Getötete,2007,11,46.0
Verkehrsunfälle,insgesamt,2007,11,3444.0
Verkehrsunfälle,mit Personenschäden,2007,11,324.0
Verkehrsunfälle,Verletzte und Getötete,2007,11,405.0
Alkoholunfälle,insgesamt,2007,12,37.0
Alkoholunfälle,Verletzte und Getötete,2007,12,20.0
Fluchtunfälle,insgesamt,2007,12,690.0
Fluchtunfälle,Verletzte und Getötete,2007,12,29.0
Verkehrsunfälle,insgesamt,2007,12,3184.0
Verkehrsunfälle,mit Personenschäden,2007,12,333.0
Verkehrsunfälle,Verletzte und Getötete,2007,12,414.0
Alkoholunfälle,insgesamt,2008,1,32.0
Alkoholunfälle,Verletzte und Getötete,2008,1,8.0
Fluchtunfälle,insgesamt,2008,1,727.0
Fluchtunfälle,Verletzte und Getötete,2008,1,27.0
Verkehrsunfälle,insgesamt,2008,1,2945.0
Verkehrsunfälle,mit Personenschäden,2008,1,260.0
Verkehrsunfälle,Verletzte und Getötete,2008,1,307.0
Alkoholunfälle,insgesamt,2008,2,30.0
Alkoholunfälle,Verletzte und Getötete,2008,2,16.0
Fluchtunfälle,insgesamt,2008,2,793.0
Fluchtunfälle,Verletzte und Getötete,2008,2,29.0
Verkehrsunfälle,insgesamt,2008,2,3171.0
Verkehrsunfälle,mit Personenschäden,2008,2,279.0
Verkehrsunfälle,Verletzte und Getötete,2008,2,340.0
Alkoholunfälle,insgesamt,2008,3,30.0
Alkoholunfälle,Verletzte und Getötete,2008,3,9.0
Fluchtunfälle,insgesamt,2008,3,763.0
Fluchtunfälle,Verletzte und Getötete,2008,3,25.0
Verkehrsunfälle,insgesamt,2008,3,2910.0
Verkehrsunfälle,mit Personenschäden,2008,3,210.0
Verkehrsunfälle,Verletzte und Getötete,2008,3,254.0
Alkoholunfälle,insgesamt,2008,4,25.0
Alkoholunfälle,Verletzte und Getötete,2008,4,10.0
Fluchtunfälle,insgesamt,2008,4,837.0
Fluchtunfälle,Verletzte und Getötete,2008,4,41.0
Verkehrsunfälle,insgesamt,2008,4,3339.0
Verkehrsunfälle,mit Personenschäden,2008,4,315.0
Verkehrsunfälle,Verletzte und Getötete,2008,4,355.0
Alkoholunfälle,insgesamt,2008,5,57.0
Alkoholunfälle,Verletzte und Getötete,2008,5,37.0
Fluchtunfälle,insgesamt,2008,5,871.0
Fluchtunfälle,Verletzte und Getötete,2008,5,57.0
Verkehrsunfälle,insgesamt,2008,5,3428.0
Verkehrsunfälle,mit Personenschäden,2008,5,445.0
Verkehrsunfälle,Verletzte und Getötete,2008,5,534.0
Alkoholunfälle,insgesamt,2008,6,56.0
Alkoholunfälle,Verletzte und Getötete,2008,6,32.0
Fluchtunfälle,insgesamt,2008,6,859.0
Fluchtunfälle,Verletzte und Getötete,2008,6,59.0
Verkehrsunfälle,insgesamt,2008,6,3374.0
Verkehrsunfälle,mit Personenschäden,2008,6,424.0
Verkehrsunfälle,Verletzte und Getötete,2008,6,473.0
Alkoholunfälle,insgesamt,2008,7,52.0
Alkoholunfälle,Verletzte und Getötete,2008,7,24.0
Fluchtunfälle,insgesamt,2008,7,832.0
Fluchtunfälle,Verletzte und Getötete,2008,7,48.0
Verkehrsunfälle,insgesamt,2008,7,3500.0
Verkehrsunfälle,mit Personenschäden,2008,7,459.0
Verkehrsunfälle,Verletzte und Getötete,2008,7,538.0
Alkoholunfälle,insgesamt,2008,8,44.0
Alkoholunfälle,Verletzte und Getötete,2008,8,23.0
Fluchtunfälle,insgesamt,2008,8,760.0
Fluchtunfälle,Verletzte und Getötete,2008,8,55.0
Verkehrsunfälle,insgesamt,2008,8,2870.0
Verkehrsunfälle,mit Personenschäden,2008,8,402.0
Verkehrsunfälle,Verletzte und Getötete,2008,8,480.0
Alkoholunfälle,insgesamt,2008,9,49.0
Alkoholunfälle,Verletzte und Getötete,2008,9,28.0
Fluchtunfälle,insgesamt,2008,9,747.0
Fluchtunfälle,Verletzte und Getötete,2008,9,48.0
Verkehrsunfälle,insgesamt,2008,9,3271.0
Verkehrsunfälle,mit Personenschäden,2008,9,360.0
Verkehrsunfälle,Verletzte und Getötete,2008,9,422.0
Alkoholunfälle,insgesamt,2008,10,45.0
Alkoholunfälle,Verletzte und Getötete,2008,10,19.0
Fluchtunfälle,insgesamt,2008,10,874.0
Fluchtunfälle,Verletzte und Getötete,2008,10,46.0
Verkehrsunfälle,insgesamt,2008,10,3683.0
Verkehrsunfälle,mit Personenschäden,2008,10,373.0
Verkehrsunfälle,Verletzte und Getötete,2008,10,455.0
Alkoholunfälle,insgesamt,2008,11,27.0
Alkoholunfälle,Verletzte und Getötete,2008,11,14.0
Fluchtunfälle,insgesamt,2008,11,625.0
Fluchtunfälle,Verletzte und Getötete,2008,11,27.0
Verkehrsunfälle,insgesamt,2008,11,2983.0
Verkehrsunfälle,mit Personenschäden,2008,11,281.0
Verkehrsunfälle,Verletzte und Getötete,2008,11,321.0
Alkoholunfälle,insgesamt,2008,12,35.0
Alkoholunfälle,Verletzte und Getötete,2008,12,20.0
Fluchtunfälle,insgesamt,2008,12,657.0
Fluchtunfälle,Verletzte und Getötete,2008,12,27.0
Verkehrsunfälle,insgesamt,2008,12,2888.0
Verkehrsunfälle,mit Personenschäden,2008,12,230.0
Verkehrsunfälle,Verletzte und Getötete,2008,12,272.0
Alkoholunfälle,insgesamt,2009,1,23.0
Alkoholunfälle,Verletzte und Getötete,2009,1,7.0
Fluchtunfälle,insgesamt,2009,1,512.0
Fluchtunfälle,Verletzte und Getötete,2009,1,22.0
Verkehrsunfälle,insgesamt,2009,1,2482.0
Verkehrsunfälle,mit Personenschäden,2009,1,184.0
Verkehrsunfälle,Verletzte und Getötete,2009,1,223.0
Alkoholunfälle,insgesamt,2009,2,32.0
Alkoholunfälle,Verletzte und Getötete,2009,2,12.0
Fluchtunfälle,insgesamt,2009,2,802.0
Fluchtunfälle,Verletzte und Getötete,2009,2,35.0
Verkehrsunfälle,insgesamt,2009,2,3480.0
Verkehrsunfälle,mit Personenschäden,2009,2,273.0
Verkehrsunfälle,Verletzte und Getötete,2009,2,340.0
Alkoholunfälle,insgesamt,2009,3,14.0
Alkoholunfälle,Verletzte und Getötete,2009,3,5.0
Fluchtunfälle,insgesamt,2009,3,607.0
Fluchtunfälle,Verletzte und Getötete,2009,3,20.0
Verkehrsunfälle,insgesamt,2009,3,2744.0
Verkehrsunfälle,mit Personenschäden,2009,3,202.0
Verkehrsunfälle,Verletzte und Getötete,2009,3,245.0
Alkoholunfälle,insgesamt,2009,4,45.0
Alkoholunfälle,Verletzte und Getötete,2009,4,31.0
Fluchtunfälle,insgesamt,2009,4,776.0
Fluchtunfälle,Verletzte und Getötete,2009,4,43.0
Verkehrsunfälle,insgesamt,2009,4,2953.0
Verkehrsunfälle,mit Personenschäden,2009,4,357.0
Verkehrsunfälle,Verletzte und Getötete,2009,4,416.0
Alkoholunfälle,insgesamt,2009,5,57.0
Alkoholunfälle,Verletzte und Getötete,2009,5,34.0
Fluchtunfälle,insgesamt,2009,5,768.0
Fluchtunfälle,Verletzte und Getötete,2009,5,49.0
Verkehrsunfälle,insgesamt,2009,5,3240.0
Verkehrsunfälle,mit Personenschäden,2009,5,454.0
Verkehrsunfälle,Verletzte und Getötete,2009,5,535.0
Alkoholunfälle,insgesamt,2009,6,31.0
Alkoholunfälle,Verletzte und Getötete,2009,6,19.0
Fluchtunfälle,insgesamt,2009,6,678.0
Fluchtunfälle,Verletzte und Getötete,2009,6,34.0
Verkehrsunfälle,insgesamt,2009,6,2876.0
Verkehrsunfälle,mit Personenschäden,2009,6,371.0
Verkehrsunfälle,Verletzte und Getötete,2009,6,443.0
Alkoholunfälle,insgesamt,2009,7,44.0
Alkoholunfälle,Verletzte und Getötete,2009,7,27.0
Fluchtunfälle,insgesamt,2009,7,991.0
Fluchtunfälle,Verletzte und Getötete,2009,7,61.0
Verkehrsunfälle,insgesamt,2009,7,3622.0
Verkehrsunfälle,mit Personenschäden,2009,7,476.0
Verkehrsunfälle,Verletzte und Getötete,2009,7,556.0
Alkoholunfälle,insgesamt,2009,8,35.0
Alkoholunfälle,Verletzte und Getötete,2009,8,26.0
Fluchtunfälle,insgesamt,2009,8,752.0
Fluchtunfälle,Verletzte und Getötete,2009,8,40.0
Verkehrsunfälle,insgesamt,2009,8,2749.0
Verkehrsunfälle,mit Personenschäden,2009,8,376.0
Verkehrsunfälle,Verletzte und Getötete,2009,8,466.0
Alkoholunfälle,insgesamt,2009,9,49.0
Alkoholunfälle,Verletzte und Getötete,2009,9,18.0
Fluchtunfälle,insgesamt,2009,9,846.0
Fluchtunfälle,Verletzte und Getötete,2009,9,37.0
Verkehrsunfälle,insgesamt,2009,9,3252.0
Verkehrsunfälle,mit Personenschäden,2009,9,388.0
Verkehrsunfälle,Verletzte und Getötete,2009,9,452.0
Alkoholunfälle,insgesamt,2009,10,35.0
Alkoholunfälle,Verletzte und Getötete,2009,10,15.0
Fluchtunfälle,insgesamt,2009,10,953.0
Fluchtunfälle,Verletzte und Getötete,2009,10,47.0
Verkehrsunfälle,insgesamt,2009,10,3567.0
Verkehrsunfälle,mit Personenschäden,2009,10,360.0
Verkehrsunfälle,Verletzte und Getötete,2009,10,432.0
Alkoholunfälle,insgesamt,2009,11,31.0
Alkoholunfälle,Verletzte und Getötete,2009,11,5.0
Fluchtunfälle,insgesamt,2009,11,835.0
Fluchtunfälle,Verletzte und Getötete,2009,11,34.0
Verkehrsunfälle,insgesamt,2009,11,3294.0
Verkehrsunfälle,mit Personenschäden,2009,11,312.0
Verkehrsunfälle,Verletzte und Getötete,2009,11,366.0
Alkoholunfälle,insgesamt,2009,12,34.0
Alkoholunfälle,Verletzte und Getötete,2009,12,14.0
Fluchtunfälle,insgesamt,2009,12,747.0
Fluchtunfälle,Verletzte und Getötete,2009,12,37.0
Verkehrsunfälle,insgesamt,2009,12,3202.0
Verkehrsunfälle,mit Personenschäden,2009,12,312.0
Verkehrsunfälle,Verletzte und Getötete,2009,12,391.0
Alkoholunfälle,insgesamt,2010,1,19.0
Alkoholunfälle,Verletzte und Getötete,2010,1,7.0
Fluchtunfälle,insgesamt,2010,1,613.0
Fluchtunfälle,Verletzte und Getötete,2010,1,17.0
Verkehrsunfälle,insgesamt,2010,1,2346.0
Verkehrsunfälle,mit Personenschäden,2010,1,147.0
Verkehrsunfälle,Verletzte und Getötete,2010,1,192.0
Alkoholunfälle,insgesamt,2010,2,23.0
Alkoholunfälle,Verletzte und Getötete,2010,2,10.0
Fluchtunfälle,insgesamt,2010,2,683.0
Fluchtunfälle,Verletzte und Getötete,2010,2,21.0
Verkehrsunfälle,insgesamt,2010,2,2539.0
Verkehrsunfälle,mit Personenschäden,2010,2,200.0
Verkehrsunfälle,Verletzte und Getötete,2010,2,247.0
Alkoholunfälle,insgesamt,2010,3,31.0
Alkoholunfälle,Verletzte und Getötete,2010,3,12.0
Fluchtunfälle,insgesamt,2010,3,829.0
Fluchtunfälle,Verletzte und Getötete,2010,3,29.0
Verkehrsunfälle,insgesamt,2010,3,3309.0
Verkehrsunfälle,mit Personenschäden,2010,3,291.0
Verkehrsunfälle,Verletzte und Getötete,2010,3,341.0
Alkoholunfälle,insgesamt,2010,4,33.0
Alkoholunfälle,Verletzte und Getötete,2010,4,25.0
Fluchtunfälle,insgesamt,2010,4,938.0
Fluchtunfälle,Verletzte und Getötete,2010,4,41.0
Verkehrsunfälle,insgesamt,2010,4,3202.0
Verkehrsunfälle,mit Personenschäden,2010,4,377.0
Verkehrsunfälle,Verletzte und Getötete,2010,4,216.0
Alkoholunfälle,insgesamt,2010,5,34.0
Alkoholunfälle,Verletzte und Getötete,2010,5,15.0
Fluchtunfälle,insgesamt,2010,5,743.0
Fluchtunfälle,Verletzte und Getötete,2010,5,31.0
Verkehrsunfälle,insgesamt,2010,5,2974.0
Verkehrsunfälle,mit Personenschäden,2010,5,320.0
Verkehrsunfälle,Verletzte und Getötete,2010,5,389.0
Alkoholunfälle,insgesamt,2010,6,39.0
Alkoholunfälle,Verletzte und Getötete,2010,6,20.0
Fluchtunfälle,insgesamt,2010,6,814.0
Fluchtunfälle,Verletzte und Getötete,2010,6,57.0
Verkehrsunfälle,insgesamt,2010,6,3193.0
Verkehrsunfälle,mit Personenschäden,2010,6,440.0
Verkehrsunfälle,Verletzte und Getötete,2010,6,517.0
Alkoholunfälle,insgesamt,2010,7,48.0
Alkoholunfälle,Verletzte und Getötete,2010,7,29.0
Fluchtunfälle,insgesamt,2010,7,932.0
Fluchtunfälle,Verletzte und Getötete,2010,7,65.0
Verkehrsunfälle,insgesamt,2010,7,3712.0
Verkehrsunfälle,mit Personenschäden,2010,7,619.0
Verkehrsunfälle,Verletzte und Getötete,2010,7,721.0
Alkoholunfälle,insgesamt,2010,8,40.0
Alkoholunfälle,Verletzte und Getötete,2010,8,25.0
Fluchtunfälle,insgesamt,2010,8,794.0
Fluchtunfälle,Verletzte und Getötete,2010,8,48.0
Verkehrsunfälle,insgesamt,2010,8,2843.0
Verkehrsunfälle,mit Personenschäden,2010,8,416.0
Verkehrsunfälle,Verletzte und Getötete,2010,8,481.0
Alkoholunfälle,insgesamt,2010,9,54.0
Alkoholunfälle,Verletzte und Getötete,2010,9,26.0
Fluchtunfälle,insgesamt,2010,9,955.0
Fluchtunfälle,Verletzte und Getötete,2010,9,42.0
Verkehrsunfälle,insgesamt,2010,9,3524.0
Verkehrsunfälle,mit Personenschäden,2010,9,456.0
Verkehrsunfälle,Verletzte und Getötete,2010,9,534.0
Alkoholunfälle,insgesamt,2010,10,27.0
Alkoholunfälle,Verletzte und Getötete,2010,10,13.0
Fluchtunfälle,insgesamt,2010,10,910.0
Fluchtunfälle,Verletzte und Getötete,2010,10,49.0
Verkehrsunfälle,insgesamt,2010,10,3500.0
Verkehrsunfälle,mit Personenschäden,2010,10,432.0
Verkehrsunfälle,Verletzte und Getötete,2010,10,524.0
Alkoholunfälle,insgesamt,2010,11,28.0
Alkoholunfälle,Verletzte und Getötete,2010,11,7.0
Fluchtunfälle,insgesamt,2010,11,827.0
Fluchtunfälle,Verletzte und Getötete,2010,11,33.0
Verkehrsunfälle,insgesamt,2010,11,3329.0
Verkehrsunfälle,mit Personenschäden,2010,11,319.0
Verkehrsunfälle,Verletzte und Getötete,2010,11,383.0
Alkoholunfälle,insgesamt,2010,12,26.0
Alkoholunfälle,Verletzte und Getötete,2010,12,12.0
Fluchtunfälle,insgesamt,2010,12,861.0
Fluchtunfälle,Verletzte und Getötete,2010,12,23.0
Verkehrsunfälle,insgesamt,2010,12,3413.0
Verkehrsunfälle,mit Personenschäden,2010,12,223.0
Verkehrsunfälle,Verletzte und Getötete,2010,12,277.0
Alkoholunfälle,insgesamt,2011,1,25.0
Alkoholunfälle,Verletzte und Getötete,2011,1,16.0
Fluchtunfälle,insgesamt,2011,1,726.0
Fluchtunfälle,Verletzte und Getötete,2011,1,26.0
Verkehrsunfälle,insgesamt,2011,1,2775.0
Verkehrsunfälle,mit Personenschäden,2011,1,255.0
Verkehrsunfälle,Verletzte und Getötete,2011,1,328.0
Alkoholunfälle,insgesamt,2011,2,25.0
Alkoholunfälle,Verletzte und Getötete,2011,2,7.0
Fluchtunfälle,insgesamt,2011,2,760.0
Fluchtunfälle,Verletzte und Getötete,2011,2,26.0
Verkehrsunfälle,insgesamt,2011,2,2903.0
Verkehrsunfälle,mit Personenschäden,2011,2,264.0
Verkehrsunfälle,Verletzte und Getötete,2011,2,343.0
Alkoholunfälle,insgesamt,2011,3,22.0
Alkoholunfälle,Verletzte und Getötete,2011,3,9.0
Fluchtunfälle,insgesamt,2011,3,883.0
Fluchtunfälle,Verletzte und Getötete,2011,3,32.0
Verkehrsunfälle,insgesamt,2011,3,3523.0
Verkehrsunfälle,mit Personenschäden,2011,3,373.0
Verkehrsunfälle,Verletzte und Getötete,2011,3,425.0
Alkoholunfälle,insgesamt,2011,4,43.0
Alkoholunfälle,Verletzte und Getötete,2011,4,27.0
Fluchtunfälle,insgesamt,2011,4,835.0
Fluchtunfälle,Verletzte und Getötete,2011,4,55.0
Verkehrsunfälle,insgesamt,2011,4,3529.0
Verkehrsunfälle,mit Personenschäden,2011,4,505.0
Verkehrsunfälle,Verletzte und Getötete,2011,4,604.0
Alkoholunfälle,insgesamt,2011,5,43.0
Alkoholunfälle,Verletzte und Getötete,2011,5,20.0
Fluchtunfälle,insgesamt,2011,5,1034.0
Fluchtunfälle,Verletzte und Getötete,2011,5,68.0
Verkehrsunfälle,insgesamt,2011,5,4143.0
Verkehrsunfälle,mit Personenschäden,2011,5,636.0
Verkehrsunfälle,Verletzte und Getötete,2011,5,765.0
Alkoholunfälle,insgesamt,2011,6,27.0
Alkoholunfälle,Verletzte und Getötete,2011,6,21.0
Fluchtunfälle,insgesamt,2011,6,783.0
Fluchtunfälle,Verletzte und Getötete,2011,6,49.0
Verkehrsunfälle,insgesamt,2011,6,3212.0
Verkehrsunfälle,mit Personenschäden,2011,6,399.0
Verkehrsunfälle,Verletzte und Getötete,2011,6,472.0
Alkoholunfälle,insgesamt,2011,7,39.0
Alkoholunfälle,Verletzte und Getötete,2011,7,27.0
Fluchtunfälle,insgesamt,2011,7,951.0
Fluchtunfälle,Verletzte und Getötete,2011,7,56.0
Verkehrsunfälle,insgesamt,2011,7,4074.0
Verkehrsunfälle,mit Personenschäden,2011,7,532.0
Verkehrsunfälle,Verletzte und Getötete,2011,7,637.0
Alkoholunfälle,insgesamt,2011,8,34.0
Alkoholunfälle,Verletzte und Getötete,2011,8,17.0
Fluchtunfälle,insgesamt,2011,8,790.0
Fluchtunfälle,Verletzte und Getötete,2011,8,35.0
Verkehrsunfälle,insgesamt,2011,8,3322.0
Verkehrsunfälle,mit Personenschäden,2011,8,402.0
Verkehrsunfälle,Verletzte und Getötete,2011,8,487.0
Alkoholunfälle,insgesamt,2011,9,36.0
Alkoholunfälle,Verletzte und Getötete,2011,9,22.0
Fluchtunfälle,insgesamt,2011,9,906.0
Fluchtunfälle,Verletzte und Getötete,2011,9,52.0
Verkehrsunfälle,insgesamt,2011,9,3730.0
Verkehrsunfälle,mit Personenschäden,2011,9,441.0
Verkehrsunfälle,Verletzte und Getötete,2011,9,519.0
Alkoholunfälle,insgesamt,2011,10,26.0
Alkoholunfälle,Verletzte und Getötete,2011,10,10.0
Fluchtunfälle,insgesamt,2011,10,916.0
Fluchtunfälle,Verletzte und Getötete,2011,10,36.0
Verkehrsunfälle,insgesamt,2011,10,3830.0
Verkehrsunfälle,mit Personenschäden,2011,10,393.0
Verkehrsunfälle,Verletzte und Getötete,2011,10,481.0
Alkoholunfälle,insgesamt,2011,11,40.0
Alkoholunfälle,Verletzte und Getötete,2011,11,16.0
Fluchtunfälle,insgesamt,2011,11,842.0
Fluchtunfälle,Verletzte und Getötete,2011,11,33.0
Verkehrsunfälle,insgesamt,2011,11,3567.0
Verkehrsunfälle,mit Personenschäden,2011,11,359.0
Verkehrsunfälle,Verletzte und Getötete,2011,11,438.0
Alkoholunfälle,insgesamt,2011,12,37.0
Alkoholunfälle,Verletzte und Getötete,2011,12,6.0
Fluchtunfälle,insgesamt,2011,12,832.0
Fluchtunfälle,Verletzte und Getötete,2011,12,30.0
Verkehrsunfälle,insgesamt,2011,12,3506.0
Verkehrsunfälle,mit Personenschäden,2011,12,315.0
Verkehrsunfälle,Verletzte und Getötete,2011,12,370.0
Alkoholunfälle,insgesamt,2012,1,21.0
Alkoholunfälle,Verletzte und Getötete,2012,1,11.0
Fluchtunfälle,insgesamt,2012,1,713.0
Fluchtunfälle,Verletzte und Getötete,2012,1,32.0
Verkehrsunfälle,insgesamt,2012,1,3176.0
Verkehrsunfälle,mit Personenschäden,2012,1,273.0
Verkehrsunfälle,Verletzte und Getötete,2012,1,338.0
Alkoholunfälle,insgesamt,2012,2,18.0
Alkoholunfälle,Verletzte und Getötete,2012,2,5.0
Fluchtunfälle,insgesamt,2012,2,714.0
Fluchtunfälle,Verletzte und Getötete,2012,2,20.0
Verkehrsunfälle,insgesamt,2012,2,3102.0
Verkehrsunfälle,mit Personenschäden,2012,2,233.0
Verkehrsunfälle,Verletzte und Getötete,2012,2,290.0
Alkoholunfälle,insgesamt,2012,3,21.0
Alkoholunfälle,Verletzte und Getötete,2012,3,5.0
Fluchtunfälle,insgesamt,2012,3,946.0
Fluchtunfälle,Verletzte und Getötete,2012,3,44.0
Verkehrsunfälle,insgesamt,2012,3,3739.0
Verkehrsunfälle,mit Personenschäden,2012,3,424.0
Verkehrsunfälle,Verletzte und Getötete,2012,3,526.0
Alkoholunfälle,insgesamt,2012,4,34.0
Alkoholunfälle,Verletzte und Getötete,2012,4,22.0
Fluchtunfälle,insgesamt,2012,4,919.0
Fluchtunfälle,Verletzte und Getötete,2012,4,37.0
Verkehrsunfälle,insgesamt,2012,4,3667.0
Verkehrsunfälle,mit Personenschäden,2012,4,394.0
Verkehrsunfälle,Verletzte und Getötete,2012,4,485.0
Alkoholunfälle,insgesamt,2012,5,54.0
Alkoholunfälle,Verletzte und Getötete,2012,5,33.0
Fluchtunfälle,insgesamt,2012,5,1035.0
Fluchtunfälle,Verletzte und Getötete,2012,5,64.0
Verkehrsunfälle,insgesamt,2012,5,4114.0
Verkehrsunfälle,mit Personenschäden,2012,5,596.0
Verkehrsunfälle,Verletzte und Getötete,2012,5,719.0
Alkoholunfälle,insgesamt,2012,6,43.0
Alkoholunfälle,Verletzte und Getötete,2012,6,35.0
Fluchtunfälle,insgesamt,2012,6,1041.0
Fluchtunfälle,Verletzte und Getötete,2012,6,61.0
Verkehrsunfälle,insgesamt,2012,6,4018.0
Verkehrsunfälle,mit Personenschäden,2012,6,577.0
Verkehrsunfälle,Verletzte und Getötete,2012,6,681.0
Alkoholunfälle,insgesamt,2012,7,56.0
Alkoholunfälle,Verletzte und Getötete,2012,7,30.0
Fluchtunfälle,insgesamt,2012,7,1045.0
Fluchtunfälle,Verletzte und Getötete,2012,7,64.0
Verkehrsunfälle,insgesamt,2012,7,4281.0
Verkehrsunfälle,mit Personenschäden,2012,7,632.0
Verkehrsunfälle,Verletzte und Getötete,2012,7,730.0
Alkoholunfälle,insgesamt,2012,8,55.0
Alkoholunfälle,Verletzte und Getötete,2012,8,31.0
Fluchtunfälle,insgesamt,2012,8,887.0
Fluchtunfälle,Verletzte und Getötete,2012,8,64.0
Verkehrsunfälle,insgesamt,2012,8,3452.0
Verkehrsunfälle,mit Personenschäden,2012,8,545.0
Verkehrsunfälle,Verletzte und Getötete,2012,8,635.0
Alkoholunfälle,insgesamt,2012,9,49.0
Alkoholunfälle,Verletzte und Getötete,2012,9,24.0
Fluchtunfälle,insgesamt,2012,9,921.0
Fluchtunfälle,Verletzte und Getötete,2012,9,61.0
Verkehrsunfälle,insgesamt,2012,9,3962.0
Verkehrsunfälle,mit Personenschäden,2012,9,532.0
Verkehrsunfälle,Verletzte und Getötete,2012,9,632.0
Alkoholunfälle,insgesamt,2012,10,32.0
Alkoholunfälle,Verletzte und Getötete,2012,10,6.0
Fluchtunfälle,insgesamt,2012,10,1090.0
Fluchtunfälle,Verletzte und Getötete,2012,10,61.0
Verkehrsunfälle,insgesamt,2012,10,4146.0
Verkehrsunfälle,mit Personenschäden,2012,10,477.0
Verkehrsunfälle,Verletzte und Getötete,2012,10,580.0
Alkoholunfälle,insgesamt,2012,11,30.0
Alkoholunfälle,Verletzte und Getötete,2012,11,10.0
Fluchtunfälle,insgesamt,2012,11,984.0
Fluchtunfälle,Verletzte und Getötete,2012,11,49.0
Verkehrsunfälle,insgesamt,2012,11,3839.0
Verkehrsunfälle,mit Personenschäden,2012,11,394.0
Verkehrsunfälle,Verletzte und Getötete,2012,11,471.0
Alkoholunfälle,insgesamt,2012,12,27.0
Alkoholunfälle,Verletzte und Getötete,2012,12,11.0
Fluchtunfälle,insgesamt,2012,12,810.0
Fluchtunfälle,Verletzte und Getötete,2012,12,23.0
Verkehrsunfälle,insgesamt,2012,12,3395.0
Verkehrsunfälle,mit Personenschäden,2012,12,248.0
Verkehrsunfälle,Verletzte und Getötete,2012,12,317.0
Alkoholunfälle,insgesamt,2013,1,17.0
Alkoholunfälle,Verletzte und Getötete,2013,1,2.0
Fluchtunfälle,insgesamt,2013,1,796.0
Fluchtunfälle,Verletzte und Getötete,2013,1,29.0
Verkehrsunfälle,insgesamt,2013,1,3316.0
Verkehrsunfälle,mit Personenschäden,2013,1,254.0
Verkehrsunfälle,Verletzte und Getötete,2013,1,320.0
Alkoholunfälle,insgesamt,2013,2,15.0
Alkoholunfälle,Verletzte und Getötete,2013,2,0.0
Fluchtunfälle,insgesamt,2013,2,773.0
Fluchtunfälle,Verletzte und Getötete,2013,2,22.0
Verkehrsunfälle,insgesamt,2013,2,3467.0
Verkehrsunfälle,mit Personenschäden,2013,2,263.0
Verkehrsunfälle,Verletzte und Getötete,2013,2,326.0
Alkoholunfälle,insgesamt,2013,3,21.0
Alkoholunfälle,Verletzte und Getötete,2013,3,8.0
Fluchtunfälle,insgesamt,2013,3,906.0
Fluchtunfälle,Verletzte und Getötete,2013,3,33.0
Verkehrsunfälle,insgesamt,2013,3,3712.0
Verkehrsunfälle,mit Personenschäden,2013,3,284.0
Verkehrsunfälle,Verletzte und Getötete,2013,3,350.0
Alkoholunfälle,insgesamt,2013,4,28.0
Alkoholunfälle,Verletzte und Getötete,2013,4,5.0
Fluchtunfälle,insgesamt,2013,4,1038.0
Fluchtunfälle,Verletzte und Getötete,2013,4,50.0
Verkehrsunfälle,insgesamt,2013,4,4008.0
Verkehrsunfälle,mit Personenschäden,2013,4,440.0
Verkehrsunfälle,Verletzte und Getötete,2013,4,523.0
Alkoholunfälle,insgesamt,2013,5,33.0
Alkoholunfälle,Verletzte und Getötete,2013,5,21.0
Fluchtunfälle,insgesamt,2013,5,848.0
Fluchtunfälle,Verletzte und Getötete,2013,5,43.0
Verkehrsunfälle,insgesamt,2013,5,3703.0
Verkehrsunfälle,mit Personenschäden,2013,5,454.0
Verkehrsunfälle,Verletzte und Getötete,2013,5,530.0
Alkoholunfälle,insgesamt,2013,6,37.0
Alkoholunfälle,Verletzte und Getötete,2013,6,20.0
Fluchtunfälle,insgesamt,2013,6,1055.0
Fluchtunfälle,Verletzte und Getötete,2013,6,54.0
Verkehrsunfälle,insgesamt,2013,6,4284.0
Verkehrsunfälle,mit Personenschäden,2013,6,580.0
Verkehrsunfälle,Verletzte und Getötete,2013,6,734.0
Alkoholunfälle,insgesamt,2013,7,42.0
Alkoholunfälle,Verletzte und Getötete,2013,7,24.0
Fluchtunfälle,insgesamt,2013,7,1138.0
Fluchtunfälle,Verletzte und Getötete,2013,7,68.0
Verkehrsunfälle,insgesamt,2013,7,4641.0
Verkehrsunfälle,mit Personenschäden,2013,7,812.0
Verkehrsunfälle,Verletzte und Getötete,2013,7,976.0
Alkoholunfälle,insgesamt,2013,8,39.0
Alkoholunfälle,Verletzte und Getötete,2013,8,22.0
Fluchtunfälle,insgesamt,2013,8,791.0
Fluchtunfälle,Verletzte und Getötete,2013,8,36.0
Verkehrsunfälle,insgesamt,2013,8,3387.0
Verkehrsunfälle,mit Personenschäden,2013,8,514.0
Verkehrsunfälle,Verletzte und Getötete,2013,8,645.0
Alkoholunfälle,insgesamt,2013,9,47.0
Alkoholunfälle,Verletzte und Getötete,2013,9,17.0
Fluchtunfälle,insgesamt,2013,9,1000.0
Fluchtunfälle,Verletzte und Getötete,2013,9,53.0
Verkehrsunfälle,insgesamt,2013,9,4130.0
Verkehrsunfälle,mit Personenschäden,2013,9,531.0
Verkehrsunfälle,Verletzte und Getötete,2013,9,617.0
Alkoholunfälle,insgesamt,2013,10,31.0
Alkoholunfälle,Verletzte und Getötete,2013,10,12.0
Fluchtunfälle,insgesamt,2013,10,1074.0
Fluchtunfälle,Verletzte und Getötete,2013,10,53.0
Verkehrsunfälle,insgesamt,2013,10,4533.0
Verkehrsunfälle,mit Personenschäden,2013,10,510.0
Verkehrsunfälle,Verletzte und Getötete,2013,10,595.0
Alkoholunfälle,insgesamt,2013,11,35.0
Alkoholunfälle,Verletzte und Getötete,2013,11,12.0
Fluchtunfälle,insgesamt,2013,11,939.0
Fluchtunfälle,Verletzte und Getötete,2013,11,53.0
Verkehrsunfälle,insgesamt,2013,11,4043.0
Verkehrsunfälle,mit Personenschäden,2013,11,388.0
Verkehrsunfälle,Verletzte und Getötete,2013,11,483.0
Alkoholunfälle,insgesamt,2013,12,32.0
Alkoholunfälle,Verletzte und Getötete,2013,12,10.0
Fluchtunfälle,insgesamt,2013,12,828.0
Fluchtunfälle,Verletzte und Getötete,2013,12,27.0
Verkehrsunfälle,insgesamt,2013,12,3764.0
Verkehrsunfälle,mit Personenschäden,2013,12,356.0
Verkehrsunfälle,Verletzte und Getötete,2013,12,423.0
Alkoholunfälle,insgesamt,2014,1,21.0
Alkoholunfälle,Verletzte und Getötete,2014,1,4.0
Fluchtunfälle,insgesamt,2014,1,778.0
Fluchtunfälle,Verletzte und Getötete,2014,1,29.0
Verkehrsunfälle,insgesamt,2014,1,3410.0
Verkehrsunfälle,mit Personenschäden,2014,1,324.0
Verkehrsunfälle,Verletzte und Getötete,2014,1,412.0
Alkoholunfälle,insgesamt,2014,2,17.0
Alkoholunfälle,Verletzte und Getötete,2014,2,7.0
Fluchtunfälle,insgesamt,2014,2,742.0
Fluchtunfälle,Verletzte und Getötete,2014,2,22.0
Verkehrsunfälle,insgesamt,2014,2,3315.0
Verkehrsunfälle,mit Personenschäden,2014,2,309.0
Verkehrsunfälle,Verletzte und Getötete,2014,2,372.0
Alkoholunfälle,insgesamt,2014,3,37.0
Alkoholunfälle,Verletzte und Getötete,2014,3,16.0
Fluchtunfälle,insgesamt,2014,3,993.0
Fluchtunfälle,Verletzte und Getötete,2014,3,46.0
Verkehrsunfälle,insgesamt,2014,3,4027.0
Verkehrsunfälle,mit Personenschäden,2014,3,460.0
Verkehrsunfälle,Verletzte und Getötete,2014,3,559.0
Alkoholunfälle,insgesamt,2014,4,35.0
Alkoholunfälle,Verletzte und Getötete,2014,4,15.0
Fluchtunfälle,insgesamt,2014,4,946.0
Fluchtunfälle,Verletzte und Getötete,2014,4,55.0
Verkehrsunfälle,insgesamt,2014,4,3840.0
Verkehrsunfälle,mit Personenschäden,2014,4,455.0
Verkehrsunfälle,Verletzte und Getötete,2014,4,549.0
Alkoholunfälle,insgesamt,2014,5,28.0
Alkoholunfälle,Verletzte und Getötete,2014,5,19.0
Fluchtunfälle,insgesamt,2014,5,925.0
Fluchtunfälle,Verletzte und Getötete,2014,5,50.0
Verkehrsunfälle,insgesamt,2014,5,4346.0
Verkehrsunfälle,mit Personenschäden,2014,5,536.0
Verkehrsunfälle,Verletzte und Getötete,2014,5,671.0
Alkoholunfälle,insgesamt,2014,6,31.0
Alkoholunfälle,Verletzte und Getötete,2014,6,16.0
Fluchtunfälle,insgesamt,2014,6,880.0
Fluchtunfälle,Verletzte und Getötete,2014,6,58.0
Verkehrsunfälle,insgesamt,2014,6,3833.0
Verkehrsunfälle,mit Personenschäden,2014,6,558.0
Verkehrsunfälle,Verletzte und Getötete,2014,6,656.0
Alkoholunfälle,insgesamt,2014,7,35.0
Alkoholunfälle,Verletzte und Getötete,2014,7,21.0
Fluchtunfälle,insgesamt,2014,7,1029.0
Fluchtunfälle,Verletzte und Getötete,2014,7,62.0
Verkehrsunfälle,insgesamt,2014,7,4443.0
Verkehrsunfälle,mit Personenschäden,2014,7,654.0
Verkehrsunfälle,Verletzte und Getötete,2014,7,783.0
Alkoholunfälle,insgesamt,2014,8,32.0
Alkoholunfälle,Verletzte und Getötete,2014,8,13.0
Fluchtunfälle,insgesamt,2014,8,802.0
Fluchtunfälle,Verletzte und Getötete,2014,8,43.0
Verkehrsunfälle,insgesamt,2014,8,3379.0
Verkehrsunfälle,mit Personenschäden,2014,8,432.0
Verkehrsunfälle,Verletzte und Getötete,2014,8,517.0
Alkoholunfälle,insgesamt,2014,9,43.0
Alkoholunfälle,Verletzte und Getötete,2014,9,18.0
Fluchtunfälle,insgesamt,2014,9,936.0
Fluchtunfälle,Verletzte und Getötete,2014,9,60.0
Verkehrsunfälle,insgesamt,2014,9,4137.0
Verkehrsunfälle,mit Personenschäden,2014,9,534.0
Verkehrsunfälle,Verletzte und Getötete,2014,9,620.0
Alkoholunfälle,insgesamt,2014,10,36.0
Alkoholunfälle,Verletzte und Getötete,2014,10,21.0
Fluchtunfälle,insgesamt,2014,10,1042.0
Fluchtunfälle,Verletzte und Getötete,2014,10,55.0
Verkehrsunfälle,insgesamt,2014,10,4251.0
Verkehrsunfälle,mit Personenschäden,2014,10,529.0
Verkehrsunfälle,Verletzte und Getötete,2014,10,652.0
Alkoholunfälle,insgesamt,2014,11,42.0
Alkoholunfälle,Verletzte und Getötete,2014,11,14.0
Fluchtunfälle,insgesamt,2014,11,943.0
Fluchtunfälle,Verletzte und Getötete,2014,11,42.0
Verkehrsunfälle,insgesamt,2014,11,3904.0
Verkehrsunfälle,mit Personenschäden,2014,11,401.0
Verkehrsunfälle,Verletzte und Getötete,2014,11,464.0
Alkoholunfälle,insgesamt,2014,12,25.0
Alkoholunfälle,Verletzte und Getötete,2014,12,3.0
Fluchtunfälle,insgesamt,2014,12,830.0
Fluchtunfälle,Verletzte und Getötete,2014,12,35.0
Verkehrsunfälle,insgesamt,2014,12,3919.0
Verkehrsunfälle,mit Personenschäden,2014,12,331.0
Verkehrsunfälle,Verletzte und Getötete,2014,12,413.0
Alkoholunfälle,insgesamt,2015,1,22.0
Alkoholunfälle,Verletzte und Getötete,2015,1,21.0
Fluchtunfälle,insgesamt,2015,1,781.0
Fluchtunfälle,Verletzte und Getötete,2015,1,19.0
Verkehrsunfälle,insgesamt,2015,1,3326.0
Verkehrsunfälle,mit Personenschäden,2015,1,263.0
Verkehrsunfälle,Verletzte und Getötete,2015,1,334.0
Alkoholunfälle,insgesamt,2015,2,23.0
Alkoholunfälle,Verletzte und Getötete,2015,2,3.0
Fluchtunfälle,insgesamt,2015,2,713.0
Fluchtunfälle,Verletzte und Getötete,2015,2,18.0
Verkehrsunfälle,insgesamt,2015,2,3090.0
Verkehrsunfälle,mit Personenschäden,2015,2,262.0
Verkehrsunfälle,Verletzte und Getötete,2015,2,321.0
Alkoholunfälle,insgesamt,2015,3,23.0
Alkoholunfälle,Verletzte und Getötete,2015,3,9.0
Fluchtunfälle,insgesamt,2015,3,908.0
Fluchtunfälle,Verletzte und Getötete,2015,3,49.0
Verkehrsunfälle,insgesamt,2015,3,3888.0
Verkehrsunfälle,mit Personenschäden,2015,3,376.0
Verkehrsunfälle,Verletzte und Getötete,2015,3,471.0
Alkoholunfälle,insgesamt,2015,4,29.0
Alkoholunfälle,Verletzte und Getötete,2015,4,23.0
Fluchtunfälle,insgesamt,2015,4,966.0
Fluchtunfälle,Verletzte und Getötete,2015,4,45.0
Verkehrsunfälle,insgesamt,2015,4,4022.0
Verkehrsunfälle,mit Personenschäden,2015,4,495.0
Verkehrsunfälle,Verletzte und Getötete,2015,4,598.0
Alkoholunfälle,insgesamt,2015,5,50.0
Alkoholunfälle,Verletzte und Getötete,2015,5,30.0
Fluchtunfälle,insgesamt,2015,5,940.0
Fluchtunfälle,Verletzte und Getötete,2015,5,41.0
Verkehrsunfälle,insgesamt,2015,5,3915.0
Verkehrsunfälle,mit Personenschäden,2015,5,487.0
Verkehrsunfälle,Verletzte und Getötete,2015,5,604.0
Alkoholunfälle,insgesamt,2015,6,39.0
Alkoholunfälle,Verletzte und Getötete,2015,6,19.0
Fluchtunfälle,insgesamt,2015,6,952.0
Fluchtunfälle,Verletzte und Getötete,2015,6,54.0
Verkehrsunfälle,insgesamt,2015,6,3898.0
Verkehrsunfälle,mit Personenschäden,2015,6,560.0
Verkehrsunfälle,Verletzte und Getötete,2015,6,673.0
Alkoholunfälle,insgesamt,2015,7,49.0
Alkoholunfälle,Verletzte und Getötete,2015,7,37.0
Fluchtunfälle,insgesamt,2015,7,1176.0
Fluchtunfälle,Verletzte und Getötete,2015,7,65.0
Verkehrsunfälle,insgesamt,2015,7,4729.0
Verkehrsunfälle,mit Personenschäden,2015,7,708.0
Verkehrsunfälle,Verletzte und Getötete,2015,7,809.0
Alkoholunfälle,insgesamt,2015,8,49.0
Alkoholunfälle,Verletzte und Getötete,2015,8,29.0
Fluchtunfälle,insgesamt,2015,8,864.0
Fluchtunfälle,Verletzte und Getötete,2015,8,36.0
Verkehrsunfälle,insgesamt,2015,8,3431.0
Verkehrsunfälle,mit Personenschäden,2015,8,481.0
Verkehrsunfälle,Verletzte und Getötete,2015,8,546.0
Alkoholunfälle,insgesamt,2015,9,45.0
Alkoholunfälle,Verletzte und Getötete,2015,9,25.0
Fluchtunfälle,insgesamt,2015,9,1007.0
Fluchtunfälle,Verletzte und Getötete,2015,9,49.0
Verkehrsunfälle,insgesamt,2015,9,4015.0
Verkehrsunfälle,mit Personenschäden,2015,9,509.0
Verkehrsunfälle,Verletzte und Getötete,2015,9,614.0
Alkoholunfälle,insgesamt,2015,10,25.0
Alkoholunfälle,Verletzte und Getötete,2015,10,12.0
Fluchtunfälle,insgesamt,2015,10,1110.0
Fluchtunfälle,Verletzte und Getötete,2015,10,52.0
Verkehrsunfälle,insgesamt,2015,10,4467.0
Verkehrsunfälle,mit Personenschäden,2015,10,475.0
Verkehrsunfälle,Verletzte und Getötete,2015,10,569.0
Alkoholunfälle,insgesamt,2015,11,30.0
Alkoholunfälle,Verletzte und Getötete,2015,11,11.0
Fluchtunfälle,insgesamt,2015,11,991.0
Fluchtunfälle,Verletzte und Getötete,2015,11,43.0
Verkehrsunfälle,insgesamt,2015,11,3992.0
Verkehrsunfälle,mit Personenschäden,2015,11,430.0
Verkehrsunfälle,Verletzte und Getötete,2015,11,506.0
Alkoholunfälle,insgesamt,2015,12,27.0
Alkoholunfälle,Verletzte und Getötete,2015,12,6.0
Fluchtunfälle,insgesamt,2015,12,950.0
Fluchtunfälle,Verletzte und Getötete,2015,12,38.0
Verkehrsunfälle,insgesamt,2015,12,3862.0
Verkehrsunfälle,mit Personenschäden,2015,12,384.0
Verkehrsunfälle,Verletzte und Getötete,2015,12,479.0
Alkoholunfälle,insgesamt,2016,1,21.0
Alkoholunfälle,Verletzte und Getötete,2016,1,6.0
Fluchtunfälle,insgesamt,2016,1,777.0
Fluchtunfälle,Verletzte und Getötete,2016,1,31.0
Verkehrsunfälle,insgesamt,2016,1,3297.0
Verkehrsunfälle,mit Personenschäden,2016,1,298.0
Verkehrsunfälle,Verletzte und Getötete,2016,1,380.0
Alkoholunfälle,insgesamt,2016,2,10.0
Alkoholunfälle,Verletzte und Getötete,2016,2,3.0
Fluchtunfälle,insgesamt,2016,2,775.0
Fluchtunfälle,Verletzte und Getötete,2016,2,24.0
Verkehrsunfälle,insgesamt,2016,2,3383.0
Verkehrsunfälle,mit Personenschäden,2016,2,305.0
Verkehrsunfälle,Verletzte und Getötete,2016,2,351.0
Alkoholunfälle,insgesamt,2016,3,20.0
Alkoholunfälle,Verletzte und Getötete,2016,3,6.0
Fluchtunfälle,insgesamt,2016,3,898.0
Fluchtunfälle,Verletzte und Getötete,2016,3,41.0
Verkehrsunfälle,insgesamt,2016,3,3653.0
Verkehrsunfälle,mit Personenschäden,2016,3,299.0
Verkehrsunfälle,Verletzte und Getötete,2016,3,370.0
Alkoholunfälle,insgesamt,2016,4,27.0
Alkoholunfälle,Verletzte und Getötete,2016,4,8.0
Fluchtunfälle,insgesamt,2016,4,998.0
Fluchtunfälle,Verletzte und Getötete,2016,4,42.0
Verkehrsunfälle,insgesamt,2016,4,4209.0
Verkehrsunfälle,mit Personenschäden,2016,4,447.0
Verkehrsunfälle,Verletzte und Getötete,2016,4,545.0
Alkoholunfälle,insgesamt,2016,5,25.0
Alkoholunfälle,Verletzte und Getötete,2016,5,17.0
Fluchtunfälle,insgesamt,2016,5,850.0
Fluchtunfälle,Verletzte und Getötete,2016,5,44.0
Verkehrsunfälle,insgesamt,2016,5,3833.0
Verkehrsunfälle,mit Personenschäden,2016,5,502.0
Verkehrsunfälle,Verletzte und Getötete,2016,5,602.0
Alkoholunfälle,insgesamt,2016,6,30.0
Alkoholunfälle,Verletzte und Getötete,2016,6,19.0
Fluchtunfälle,insgesamt,2016,6,1018.0
Fluchtunfälle,Verletzte und Getötete,2016,6,54.0
Verkehrsunfälle,insgesamt,2016,6,4260.0
Verkehrsunfälle,mit Personenschäden,2016,6,592.0
Verkehrsunfälle,Verletzte und Getötete,2016,6,691.0
Alkoholunfälle,insgesamt,2016,7,35.0
Alkoholunfälle,Verletzte und Getötete,2016,7,23.0
Fluchtunfälle,insgesamt,2016,7,1095.0
Fluchtunfälle,Verletzte und Getötete,2016,7,61.0
Verkehrsunfälle,insgesamt,2016,7,4478.0
Verkehrsunfälle,mit Personenschäden,2016,7,623.0
Verkehrsunfälle,Verletzte und Getötete,2016,7,742.0
Alkoholunfälle,insgesamt,2016,8,34.0
Alkoholunfälle,Verletzte und Getötete,2016,8,12.0
Fluchtunfälle,insgesamt,2016,8,958.0
Fluchtunfälle,Verletzte und Getötete,2016,8,70.0
Verkehrsunfälle,insgesamt,2016,8,3400.0
Verkehrsunfälle,mit Personenschäden,2016,8,469.0
Verkehrsunfälle,Verletzte und Getötete,2016,8,540.0
Alkoholunfälle,insgesamt,2016,9,29.0
Alkoholunfälle,Verletzte und Getötete,2016,9,22.0
Fluchtunfälle,insgesamt,2016,9,958.0
Fluchtunfälle,Verletzte und Getötete,2016,9,70.0
Verkehrsunfälle,insgesamt,2016,9,4289.0
Verkehrsunfälle,mit Personenschäden,2016,9,627.0
Verkehrsunfälle,Verletzte und Getötete,2016,9,759.0
Alkoholunfälle,insgesamt,2016,10,30.0
Alkoholunfälle,Verletzte und Getötete,2016,10,11.0
Fluchtunfälle,insgesamt,2016,10,1022.0
Fluchtunfälle,Verletzte und Getötete,2016,10,44.0
Verkehrsunfälle,insgesamt,2016,10,4297.0
Verkehrsunfälle,mit Personenschäden,2016,10,448.0
Verkehrsunfälle,Verletzte und Getötete,2016,10,559.0
Alkoholunfälle,insgesamt,2016,11,20.0
Alkoholunfälle,Verletzte und Getötete,2016,11,7.0
Fluchtunfälle,insgesamt,2016,11,960.0
Fluchtunfälle,Verletzte und Getötete,2016,11,32.0
Verkehrsunfälle,insgesamt,2016,11,3998.0
Verkehrsunfälle,mit Personenschäden,2016,11,402.0
Verkehrsunfälle,Verletzte und Getötete,2016,11,489.0
Alkoholunfälle,insgesamt,2016,12,20.0
Alkoholunfälle,Verletzte und Getötete,2016,12,10.0
Fluchtunfälle,insgesamt,2016,12,870.0
Fluchtunfälle,Verletzte und Getötete,2016,12,35.0
Verkehrsunfälle,insgesamt,2016,12,3700.0
Verkehrsunfälle,mit Personenschäden,2016,12,317.0
Verkehrsunfälle,Verletzte und Getötete,2016,12,381.0
Alkoholunfälle,insgesamt,2017,1,19.0
Alkoholunfälle,Verletzte und Getötete,2017,1,4.0
Fluchtunfälle,insgesamt,2017,1,690.0
Fluchtunfälle,Verletzte und Getötete,2017,1,22.0
Verkehrsunfälle,insgesamt,2017,1,3320.0
Verkehrsunfälle,mit Personenschäden,2017,1,242.0
Verkehrsunfälle,Verletzte und Getötete,2017,1,307.0
Alkoholunfälle,insgesamt,2017,2,22.0
Alkoholunfälle,Verletzte und Getötete,2017,2,4.0
Fluchtunfälle,insgesamt,2017,2,846.0
Fluchtunfälle,Verletzte und Getötete,2017,2,41.0
Verkehrsunfälle,insgesamt,2017,2,3223.0
Verkehrsunfälle,mit Personenschäden,2017,2,277.0
Verkehrsunfälle,Verletzte und Getötete,2017,2,334.0
Alkoholunfälle,insgesamt,2017,3,36.0
Alkoholunfälle,Verletzte und Getötete,2017,3,15.0
Fluchtunfälle,insgesamt,2017,3,1060.0
Fluchtunfälle,Verletzte und Getötete,2017,3,36.0
Verkehrsunfälle,insgesamt,2017,3,4106.0
Verkehrsunfälle,mit Personenschäden,2017,3,407.0
Verkehrsunfälle,Verletzte und Getötete,2017,3,486.0
Alkoholunfälle,insgesamt,2017,4,26.0
Alkoholunfälle,Verletzte und Getötete,2017,4,10.0
Fluchtunfälle,insgesamt,2017,4,895.0
Fluchtunfälle,Verletzte und Getötete,2017,4,36.0
Verkehrsunfälle,insgesamt,2017,4,3533.0
Verkehrsunfälle,mit Personenschäden,2017,4,365.0
Verkehrsunfälle,Verletzte und Getötete,2017,4,439.0
Alkoholunfälle,insgesamt,2017,5,29.0
Alkoholunfälle,Verletzte und Getötete,2017,5,16.0
Fluchtunfälle,insgesamt,2017,5,1070.0
Fluchtunfälle,Verletzte und Getötete,2017,5,60.0
Verkehrsunfälle,insgesamt,2017,5,4314.0
Verkehrsunfälle,mit Personenschäden,2017,5,545.0
Verkehrsunfälle,Verletzte und Getötete,2017,5,631.0
Alkoholunfälle,insgesamt,2017,6,41.0
Alkoholunfälle,Verletzte und Getötete,2017,6,27.0
Fluchtunfälle,insgesamt,2017,6,948.0
Fluchtunfälle,Verletzte und Getötete,2017,6,54.0
Verkehrsunfälle,insgesamt,2017,6,3818.0
Verkehrsunfälle,mit Personenschäden,2017,6,568.0
Verkehrsunfälle,Verletzte und Getötete,2017,6,668.0
Alkoholunfälle,insgesamt,2017,7,52.0
Alkoholunfälle,Verletzte und Getötete,2017,7,18.0
Fluchtunfälle,insgesamt,2017,7,1064.0
Fluchtunfälle,Verletzte und Getötete,2017,7,65.0
Verkehrsunfälle,insgesamt,2017,7,4355.0
Verkehrsunfälle,mit Personenschäden,2017,7,611.0
Verkehrsunfälle,Verletzte und Getötete,2017,7,752.0
Alkoholunfälle,insgesamt,2017,8,30.0
Alkoholunfälle,Verletzte und Getötete,2017,8,14.0
Fluchtunfälle,insgesamt,2017,8,831.0
Fluchtunfälle,Verletzte und Getötete,2017,8,38.0
Verkehrsunfälle,insgesamt,2017,8,3267.0
Verkehrsunfälle,mit Personenschäden,2017,8,447.0
Verkehrsunfälle,Verletzte und Getötete,2017,8,504.0
Alkoholunfälle,insgesamt,2017,9,47.0
Alkoholunfälle,Verletzte und Getötete,2017,9,22.0
Fluchtunfälle,insgesamt,2017,9,1009.0
Fluchtunfälle,Verletzte und Getötete,2017,9,59.0
Verkehrsunfälle,insgesamt,2017,9,4017.0
Verkehrsunfälle,mit Personenschäden,2017,9,430.0
Verkehrsunfälle,Verletzte und Getötete,2017,9,546.0
Alkoholunfälle,insgesamt,2017,10,32.0
Alkoholunfälle,Verletzte und Getötete,2017,10,16.0
Fluchtunfälle,insgesamt,2017,10,1052.0
Fluchtunfälle,Verletzte und Getötete,2017,10,59.0
Verkehrsunfälle,insgesamt,2017,10,4198.0
Verkehrsunfälle,mit Personenschäden,2017,10,490.0
Verkehrsunfälle,Verletzte und Getötete,2017,10,572.0
Alkoholunfälle,insgesamt,2017,11,33.0
Alkoholunfälle,Verletzte und Getötete,2017,11,13.0
Fluchtunfälle,insgesamt,2017,11,925.0
Fluchtunfälle,Verletzte und Getötete,2017,11,48.0
Verkehrsunfälle,insgesamt,2017,11,3809.0
Verkehrsunfälle,mit Personenschäden,2017,11,373.0
Verkehrsunfälle,Verletzte und Getötete,2017,11,443.0
Alkoholunfälle,insgesamt,2017,12,42.0
Alkoholunfälle,Verletzte und Getötete,2017,12,17.0
Fluchtunfälle,insgesamt,2017,12,873.0
Fluchtunfälle,Verletzte und Getötete,2017,12,33.0
Verkehrsunfälle,insgesamt,2017,12,3494.0
Verkehrsunfälle,mit Personenschäden,2017,12,307.0
Verkehrsunfälle,Verletzte und Getötete,2017,12,376.0
Alkoholunfälle,insgesamt,2018,1,22.0
Alkoholunfälle,Verletzte und Getötete,2018,1,8.0
Fluchtunfälle,insgesamt,2018,1,860.0
Fluchtunfälle,Verletzte und Getötete,2018,1,40.0
Verkehrsunfälle,insgesamt,2018,1,3328.0
Verkehrsunfälle,mit Personenschäden,2018,1,290.0
Verkehrsunfälle,Verletzte und Getötete,2018,1,350.0
Alkoholunfälle,insgesamt,2018,2,24.0
Alkoholunfälle,Verletzte und Getötete,2018,2,13.0
Fluchtunfälle,insgesamt,2018,2,774.0
Fluchtunfälle,Verletzte und Getötete,2018,2,40.0
Verkehrsunfälle,insgesamt,2018,2,3109.0
Verkehrsunfälle,mit Personenschäden,2018,2,265.0
Verkehrsunfälle,Verletzte und Getötete,2018,2,328.0
Alkoholunfälle,insgesamt,2018,3,32.0
Alkoholunfälle,Verletzte und Getötete,2018,3,12.0
Fluchtunfälle,insgesamt,2018,3,954.0
Fluchtunfälle,Verletzte und Getötete,2018,3,35.0
Verkehrsunfälle,insgesamt,2018,3,3796.0
Verkehrsunfälle,mit Personenschäden,2018,3,331.0
Verkehrsunfälle,Verletzte und Getötete,2018,3,383.0
Alkoholunfälle,insgesamt,2018,4,25.0
Alkoholunfälle,Verletzte und Getötete,2018,4,8.0
Fluchtunfälle,insgesamt,2018,4,1010.0
Fluchtunfälle,Verletzte und Getötete,2018,4,44.0
Verkehrsunfälle,insgesamt,2018,4,4016.0
Verkehrsunfälle,mit Personenschäden,2018,4,519.0
Verkehrsunfälle,Verletzte und Getötete,2018,4,619.0
Alkoholunfälle,insgesamt,2018,5,34.0
Alkoholunfälle,Verletzte und Getötete,2018,5,23.0
Fluchtunfälle,insgesamt,2018,5,994.0
Fluchtunfälle,Verletzte und Getötete,2018,5,43.0
Verkehrsunfälle,insgesamt,2018,5,3953.0
Verkehrsunfälle,mit Personenschäden,2018,5,528.0
Verkehrsunfälle,Verletzte und Getötete,2018,5,640.0
Alkoholunfälle,insgesamt,2018,6,39.0
Alkoholunfälle,Verletzte und Getötete,2018,6,14.0
Fluchtunfälle,insgesamt,2018,6,1034.0
Fluchtunfälle,Verletzte und Getötete,2018,6,49.0
Verkehrsunfälle,insgesamt,2018,6,4284.0
Verkehrsunfälle,mit Personenschäden,2018,6,622.0
Verkehrsunfälle,Verletzte und Getötete,2018,6,732.0
Alkoholunfälle,insgesamt,2018,7,51.0
Alkoholunfälle,Verletzte und Getötete,2018,7,29.0
Fluchtunfälle,insgesamt,2018,7,1151.0
Fluchtunfälle,Verletzte und Getötete,2018,7,72.0
Verkehrsunfälle,insgesamt,2018,7,4547.0
Verkehrsunfälle,mit Personenschäden,2018,7,714.0
Verkehrsunfälle,Verletzte und Getötete,2018,7,852.0
Alkoholunfälle,insgesamt,2018,8,40.0
Alkoholunfälle,Verletzte und Getötete,2018,8,18.0
Fluchtunfälle,insgesamt,2018,8,813.0
Fluchtunfälle,Verletzte und Getötete,2018,8,39.0
Verkehrsunfälle,insgesamt,2018,8,3206.0
Verkehrsunfälle,mit Personenschäden,2018,8,456.0
Verkehrsunfälle,Verletzte und Getötete,2018,8,529.0
Alkoholunfälle,insgesamt,2018,9,36.0
Alkoholunfälle,Verletzte und Getötete,2018,9,22.0
Fluchtunfälle,insgesamt,2018,9,1102.0
Fluchtunfälle,Verletzte und Getötete,2018,9,59.0
Verkehrsunfälle,insgesamt,2018,9,4124.0
Verkehrsunfälle,mit Personenschäden,2018,9,528.0
Verkehrsunfälle,Verletzte und Getötete,2018,9,645.0
Alkoholunfälle,insgesamt,2018,10,43.0
Alkoholunfälle,Verletzte und Getötete,2018,10,16.0
Fluchtunfälle,insgesamt,2018,10,1127.0
Fluchtunfälle,Verletzte und Getötete,2018,10,60.0
Verkehrsunfälle,insgesamt,2018,10,4468.0
Verkehrsunfälle,mit Personenschäden,2018,10,529.0
Verkehrsunfälle,Verletzte und Getötete,2018,10,616.0
Alkoholunfälle,insgesamt,2018,11,31.0
Alkoholunfälle,Verletzte und Getötete,2018,11,13.0
Fluchtunfälle,insgesamt,2018,11,929.0
Fluchtunfälle,Verletzte und Getötete,2018,11,37.0
Verkehrsunfälle,insgesamt,2018,11,4027.0
Verkehrsunfälle,mit Personenschäden,2018,11,407.0
Verkehrsunfälle,Verletzte und Getötete,2018,11,485.0
Alkoholunfälle,insgesamt,2018,12,21.0
Alkoholunfälle,Verletzte und Getötete,2018,12,6.0
Fluchtunfälle,insgesamt,2018,12,900.0
Fluchtunfälle,Verletzte und Getötete,2018,12,37.0
Verkehrsunfälle,insgesamt,2018,12,3550.0
Verkehrsunfälle,mit Personenschäden,2018,12,282.0
Verkehrsunfälle,Verletzte und Getötete,2018,12,348.0
Alkoholunfälle,insgesamt,2019,1,22.0
Alkoholunfälle,Verletzte und Getötete,2019,1,7.0
Fluchtunfälle,insgesamt,2019,1,927.0
Fluchtunfälle,Verletzte und Getötete,2019,1,32.0
Verkehrsunfälle,insgesamt,2019,1,3440.0
Verkehrsunfälle,mit Personenschäden,2019,1,243.0
Verkehrsunfälle,Verletzte und Getötete,2019,1,297.0
Alkoholunfälle,insgesamt,2019,2,28.0
Alkoholunfälle,Verletzte und Getötete,2019,2,7.0
Fluchtunfälle,insgesamt,2019,2,883.0
Fluchtunfälle,Verletzte und Getötete,2019,2,26.0
Verkehrsunfälle,insgesamt,2019,2,3442.0
Verkehrsunfälle,mit Personenschäden,2019,2,289.0
Verkehrsunfälle,Verletzte und Getötete,2019,2,345.0
Alkoholunfälle,insgesamt,2019,3,34.0
Alkoholunfälle,Verletzte und Getötete,2019,3,22.0
Fluchtunfälle,insgesamt,2019,3,1005.0
Fluchtunfälle,Verletzte und Getötete,2019,3,44.0
Verkehrsunfälle,insgesamt,2019,3,3940.0
Verkehrsunfälle,mit Personenschäden,2019,3,369.0
Verkehrsunfälle,Verletzte und Getötete,2019,3,427.0
Alkoholunfälle,insgesamt,2019,4,36.0
Alkoholunfälle,Verletzte und Getötete,2019,4,18.0
Fluchtunfälle,insgesamt,2019,4,967.0
Fluchtunfälle,Verletzte und Getötete,2019,4,35.0
Verkehrsunfälle,insgesamt,2019,4,3781.0
Verkehrsunfälle,mit Personenschäden,2019,4,426.0
Verkehrsunfälle,Verletzte und Getötete,2019,4,515.0
Alkoholunfälle,insgesamt,2019,5,39.0
Alkoholunfälle,Verletzte und Getötete,2019,5,21.0
Fluchtunfälle,insgesamt,2019,5,1014.0
Fluchtunfälle,Verletzte und Getötete,2019,5,41.0
Verkehrsunfälle,insgesamt,2019,5,4046.0
Verkehrsunfälle,mit Personenschäden,2019,5,416.0
Verkehrsunfälle,Verletzte und Getötete,2019,5,484.0
Alkoholunfälle,insgesamt,2019,6,40.0
Alkoholunfälle,Verletzte und Getötete,2019,6,24.0
Fluchtunfälle,insgesamt,2019,6,994.0
Fluchtunfälle,Verletzte und Getötete,2019,6,61.0
Verkehrsunfälle,insgesamt,2019,6,3727.0
Verkehrsunfälle,mit Personenschäden,2019,6,615.0
Verkehrsunfälle,Verletzte und Getötete,2019,6,710.0
Alkoholunfälle,insgesamt,2019,7,48.0
Alkoholunfälle,Verletzte und Getötete,2019,7,34.0
Fluchtunfälle,insgesamt,2019,7,1187.0
Fluchtunfälle,Verletzte und Getötete,2019,7,81.0
Verkehrsunfälle,insgesamt,2019,7,4763.0
Verkehrsunfälle,mit Personenschäden,2019,7,762.0
Verkehrsunfälle,Verletzte und Getötete,2019,7,898.0
Alkoholunfälle,insgesamt,2019,8,31.0
Alkoholunfälle,Verletzte und Getötete,2019,8,23.0
Fluchtunfälle,insgesamt,2019,8,820.0
Fluchtunfälle,Verletzte und Getötete,2019,8,37.0
Verkehrsunfälle,insgesamt,2019,8,3214.0
Verkehrsunfälle,mit Personenschäden,2019,8,451.0
Verkehrsunfälle,Verletzte und Getötete,2019,8,532.0
Alkoholunfälle,insgesamt,2019,9,47.0
Alkoholunfälle,Verletzte und Getötete,2019,9,20.0
Fluchtunfälle,insgesamt,2019,9,996.0
Fluchtunfälle,Verletzte und Getötete,2019,9,55.0
Verkehrsunfälle,insgesamt,2019,9,4042.0
Verkehrsunfälle,mit Personenschäden,2019,9,533.0
Verkehrsunfälle,Verletzte und Getötete,2019,9,609.0
Alkoholunfälle,insgesamt,2019,10,45.0
Alkoholunfälle,Verletzte und Getötete,2019,10,20.0
Fluchtunfälle,insgesamt,2019,10,1088.0
Fluchtunfälle,Verletzte und Getötete,2019,10,45.0
Verkehrsunfälle,insgesamt,2019,10,4348.0
Verkehrsunfälle,mit Personenschäden,2019,10,500.0
Verkehrsunfälle,Verletzte und Getötete,2019,10,591.0
Alkoholunfälle,insgesamt,2019,11,29.0
Alkoholunfälle,Verletzte und Getötete,2019,11,19.0
Fluchtunfälle,insgesamt,2019,11,967.0
Fluchtunfälle,Verletzte und Getötete,2019,11,41.0
Verkehrsunfälle,insgesamt,2019,11,3805.0
Verkehrsunfälle,mit Personenschäden,2019,11,383.0
Verkehrsunfälle,Verletzte und Getötete,2019,11,453.0
Alkoholunfälle,insgesamt,2019,12,35.0
Alkoholunfälle,Verletzte und Getötete,2019,12,12.0
Fluchtunfälle,insgesamt,2019,12,925.0
Fluchtunfälle,Verletzte und Getötete,2019,12,43.0
Verkehrsunfälle,insgesamt,2019,12,3462.0
Verkehrsunfälle,mit Personenschäden,2019,12,326.0
Verkehrsunfälle,Verletzte und Getötete,2019,12,378.0
Alkoholunfälle,insgesamt,2020,1,28.0
Alkoholunfälle,Verletzte und Getötete,2020,1,11.0
Fluchtunfälle,insgesamt,2020,1,791.0
Fluchtunfälle,Verletzte und Getötete,2020,1,28.0
Verkehrsunfälle,insgesamt,2020,1,3139.0
Verkehrsunfälle,mit Personenschäden,2020,1,301.0
Verkehrsunfälle,Verletzte und Getötete,2020,1,360.0
Alkoholunfälle,insgesamt,2020,2,40.0
Alkoholunfälle,Verletzte und Getötete,2020,2,19.0
Fluchtunfälle,insgesamt,2020,2,870.0
Fluchtunfälle,Verletzte und Getötete,2020,2,34.0
Verkehrsunfälle,insgesamt,2020,2,3271.0
Verkehrsunfälle,mit Personenschäden,2020,2,306.0
Verkehrsunfälle,Verletzte und Getötete,2020,2,355.0
Alkoholunfälle,insgesamt,2020,3,27.0
Alkoholunfälle,Verletzte und Getötete,2020,3,13.0
Fluchtunfälle,insgesamt,2020,3,744.0
Fluchtunfälle,Verletzte und Getötete,2020,3,33.0
Verkehrsunfälle,insgesamt,2020,3,2825.0
Verkehrsunfälle,mit Personenschäden,2020,3,270.0
Verkehrsunfälle,Verletzte und Getötete,2020,3,334.0
Alkoholunfälle,insgesamt,2020,4,26.0
Alkoholunfälle,Verletzte und Getötete,2020,4,15.0
Fluchtunfälle,insgesamt,2020,4,607.0
Fluchtunfälle,Verletzte und Getötete,2020,4,34.0
Verkehrsunfälle,insgesamt,2020,4,2251.0
Verkehrsunfälle,mit Personenschäden,2020,4,314.0
Verkehrsunfälle,Verletzte und Getötete,2020,4,363.0
Alkoholunfälle,insgesamt,2020,5,40.0
Alkoholunfälle,Verletzte und Getötete,2020,5,26.0
Fluchtunfälle,insgesamt,2020,5,859.0
Fluchtunfälle,Verletzte und Getötete,2020,5,34.0
Verkehrsunfälle,insgesamt,2020,5,3193.0
Verkehrsunfälle,mit Personenschäden,2020,5,416.0
Verkehrsunfälle,Verletzte und Getötete,2020,5,464.0
Alkoholunfälle,insgesamt,2020,6,49.0
Alkoholunfälle,Verletzte und Getötete,2020,6,30.0
Fluchtunfälle,insgesamt,2020,6,905.0
Fluchtunfälle,Verletzte und Getötete,2020,6,49.0
Verkehrsunfälle,insgesamt,2020,6,3380.0
Verkehrsunfälle,mit Personenschäden,2020,6,496.0
Verkehrsunfälle,Verletzte und Getötete,2020,6,585.0
Alkoholunfälle,insgesamt,2020,7,58.0
Alkoholunfälle,Verletzte und Getötete,2020,7,43.0
Fluchtunfälle,insgesamt,2020,7,1010.0
Fluchtunfälle,Verletzte und Getötete,2020,7,58.0
Verkehrsunfälle,insgesamt,2020,7,4031.0
Verkehrsunfälle,mit Personenschäden,2020,7,717.0
Verkehrsunfälle,Verletzte und Getötete,2020,7,821.0
Alkoholunfälle,insgesamt,2020,8,46.0
Alkoholunfälle,Verletzte und Getötete,2020,8,29.0
Fluchtunfälle,insgesamt,2020,8,735.0
Fluchtunfälle,Verletzte und Getötete,2020,8,36.0
Verkehrsunfälle,insgesamt,2020,8,3007.0
Verkehrsunfälle,mit Personenschäden,2020,8,487.0
Verkehrsunfälle,Verletzte und Getötete,2020,8,563.0
Alkoholunfälle,insgesamt,2020,9,46.0
Alkoholunfälle,Verletzte und Getötete,2020,9,24.0
Fluchtunfälle,insgesamt,2020,9,948.0
Fluchtunfälle,Verletzte und Getötete,2020,9,49.0
Verkehrsunfälle,insgesamt,2020,9,3659.0
Verkehrsunfälle,mit Personenschäden,2020,9,555.0
Verkehrsunfälle,Verletzte und Getötete,2020,9,634.0
Alkoholunfälle,insgesamt,2020,10,34.0
Alkoholunfälle,Verletzte und Getötete,2020,10,20.0
Fluchtunfälle,insgesamt,2020,10,997.0
Fluchtunfälle,Verletzte und Getötete,2020,10,50.0
Verkehrsunfälle,insgesamt,2020,10,3867.0
Verkehrsunfälle,mit Personenschäden,2020,10,489.0
Verkehrsunfälle,Verletzte und Getötete,2020,10,566.0
Alkoholunfälle,insgesamt,2020,11,23.0
Alkoholunfälle,Verletzte und Getötete,2020,11,11.0
Fluchtunfälle,insgesamt,2020,11,864.0
Fluchtunfälle,Verletzte und Getötete,2020,11,27.0
Verkehrsunfälle,insgesamt,2020,11,3150.0
Verkehrsunfälle,mit Personenschäden,2020,11,297.0
Verkehrsunfälle,Verletzte und Getötete,2020,11,348.0
Alkoholunfälle,insgesamt,2020,12,13.0
Alkoholunfälle,Verletzte und Getötete,2020,12,9.0
Fluchtunfälle,insgesamt,2020,12,694.0
Fluchtunfälle,Verletzte und Getötete,2020,12,33.0
Verkehrsunfälle,insgesamt,2020,12,2661.0
Verkehrsunfälle,mit Personenschäden,2020,12,270.0
Verkehrsunfälle,Verletzte und Getötete,2020,12,311.0
